<?xml version="1.0" encoding="Windows-1252" ?>
<NotepadPlus>
	<AutoComplete>
		<Environment ignoreCase="yes" startFunc="{" stopFunc="}" paramSeparator=" " terminal=";" />	
		<KeyWord name="abandon_ambition_interaction_accept_event" />
		<KeyWord name="abandon_ambition_interaction_decline_event" />
		<KeyWord name="abandon_heresy" />
		<KeyWord name="abdicate" />
		<KeyWord name="abdicate_to" />
		<KeyWord name="abdicate_to_most_liked_by" />
		<KeyWord name="abort" />
		<KeyWord name="abort_effect" />
		<KeyWord name="action" />
		<KeyWord name="activate_disease" />
		<KeyWord name="activate_plot" />
		<KeyWord name="activate_title" />
		<KeyWord name="active" />
		<KeyWord name="actor" />
		<KeyWord name="additive_compared_realm_size_modifier" />
		<KeyWord name="additive_multiplier" />
		<KeyWord name="additive_opinion_modifier" />
		<KeyWord name="additive_power_diff_modifier" />
		<KeyWord name="additive_realm_size_modifier" />
		<KeyWord name="add_alliance" />
		<KeyWord name="add_ambition" />
		<KeyWord name="add_attacker" />
		<KeyWord name="add_betrothal" />
		<KeyWord name="add_building" />
		<KeyWord name="add_character_modifier" />
		<KeyWord name="add_claim" />
		<KeyWord name="add_consort" />
		<KeyWord name="add_defender" />
		<KeyWord name="add_friend" />
		<KeyWord name="add_holding_modifier" />
		<KeyWord name="add_law" />
		<KeyWord name="add_law_w_cooldown" />
		<KeyWord name="add_lover" />
		<KeyWord name="add_number_to_name" />
		<KeyWord name="add_objective" />
		<KeyWord name="add_piety_modifier" />
		<KeyWord name="add_pressed_claim" />
		<KeyWord name="add_prestige_modifier" />
		<KeyWord name="add_province_modifier" />
		<KeyWord name="add_random_education_trait" />
		<KeyWord name="add_rival" />
		<KeyWord name="add_spouse" />
		<KeyWord name="add_spouse_matrilineal" />
		<KeyWord name="add_trait" />
		<KeyWord name="add_weak_claim" />
		<KeyWord name="add_weak_pressed_claim" />
		<KeyWord name="adjective" />
		<KeyWord name="advance" />
		<KeyWord name="adventurer" />
		<KeyWord name="age" />
		<KeyWord name="age_diff" />
		<KeyWord name="aggression" />
		<KeyWord name="agnatic" />
		<KeyWord name="ai" />
		<KeyWord name="ai_ambition" />
		<KeyWord name="ai_capital_kingdom_focus" />
		<KeyWord name="ai_chance" />
		<KeyWord name="ai_convert_other_group" />
		<KeyWord name="ai_convert_same_group" />
		<KeyWord name="ai_creation_factor" />
		<KeyWord name="ai_greed" />
		<KeyWord name="ai_honor" />
		<KeyWord name="ai_peaceful" />
		<KeyWord name="ai_rationality" />
		<KeyWord name="ai_will_do" />
		<KeyWord name="ai_will_revoke" />
		<KeyWord name="ai_zeal" />
		<KeyWord name="allow" />
		<KeyWord name="allowed_to_target_suzerains" />
		<KeyWord name="allowed_to_target_tributaries" />
		<KeyWord name="allow_distant" />
		<KeyWord name="allow_join" />
		<KeyWord name="allow_looting" />
		<KeyWord name="allow_rivermovement" />
		<KeyWord name="allow_viking_invasion" />
		<KeyWord name="allow_whitepeace" />
		<KeyWord name="always" />
		<KeyWord name="always_get_message" />
		<KeyWord name="ambition_opinion" />
		<KeyWord name="ambition_succeeds" />
		<KeyWord name="anchor" />
		<KeyWord name="and" />
		<KeyWord name="any" />
		<KeyWord name="any_allied_character" />
		<KeyWord name="any_army" />
		<KeyWord name="any_attacker" />
		<KeyWord name="any_backed_character" />
		<KeyWord name="any_character" />
		<KeyWord name="any_child" />
		<KeyWord name="any_child_even_if_dead" />
		<KeyWord name="any_claim" />
		<KeyWord name="any_claimant" />
		<KeyWord name="any_close_relative" />
		<KeyWord name="any_consort" />
		<KeyWord name="any_courtier" />
		<KeyWord name="any_current_enemy" />
		<KeyWord name="any_defender" />
		<KeyWord name="any_demesne_province" />
		<KeyWord name="any_demesne_title" />
		<KeyWord name="any_de_jure_vassal" />
		<KeyWord name="any_de_jure_vassal_title" />
		<KeyWord name="any_direct_de_jure_vassal_title" />
		<KeyWord name="any_dynasty_member" />
		<KeyWord name="any_dynasty_member_even_if_dead" />
		<KeyWord name="any_enemy_plotter" />
		<KeyWord name="any_faction_backer" />
		<KeyWord name="any_favor_holder" />
		<KeyWord name="any_favor_ower" />
		<KeyWord name="any_fleet" />
		<KeyWord name="any_friend" />
		<KeyWord name="any_heir_title" />
		<KeyWord name="any_independent_ruler" />
		<KeyWord name="any_known_enemy_plotter" />
		<KeyWord name="any_known_plotter" />
		<KeyWord name="any_landed_title" />
		<KeyWord name="any_liege" />
		<KeyWord name="any_lover" />
		<KeyWord name="any_mercenary_band" />
		<KeyWord name="any_neighbor_province" />
		<KeyWord name="any_non_aggression_pact_character" />
		<KeyWord name="any_opinion_modifier_target" />
		<KeyWord name="any_playable_ruler" />
		<KeyWord name="any_plotter" />
		<KeyWord name="any_plot_backer" />
		<KeyWord name="any_potential_tribal_county" />
		<KeyWord name="any_pretender_title" />
		<KeyWord name="any_previous_holder" />
		<KeyWord name="any_province" />
		<KeyWord name="any_province_character" />
		<KeyWord name="any_province_holding" /> 
		<KeyWord name="any_province_lord" />
		<KeyWord name="any_realm_character" />
		<KeyWord name="any_realm_lord" />
		<KeyWord name="any_realm_province" />
		<KeyWord name="any_realm_title" />
		<KeyWord name="any_rival" />
		<KeyWord name="any_sibling" />
		<KeyWord name="any_sibling_even_if_dead" />
		<KeyWord name="any_spouse" />
		<KeyWord name="any_spouse_even_if_dead" />
		<KeyWord name="any_suzerain" />
		<KeyWord name="any_title" />
		<KeyWord name="any_title_under" />
		<KeyWord name="any_trade_post" />
		<KeyWord name="any_trade_route_province" />
		<KeyWord name="any_unique_dynasty_vassal" />
		<KeyWord name="any_unit" />
		<KeyWord name="any_unknown_enemy_plotter" />
		<KeyWord name="any_vassal" />
		<KeyWord name="any_voter" />
		<KeyWord name="any_war" />
		<KeyWord name="any_ward" />
		<KeyWord name="apply_short_occ_mod" />
		<KeyWord name="appointment" />
		<KeyWord name="appoint_to_office_interaction_accept_event" />
		<KeyWord name="appoint_to_office_interaction_decline_event" />
		<KeyWord name="approve_law" />
		<KeyWord name="archers" />
		<KeyWord name="archers_defensive" />
		<KeyWord name="archers_max_levy" />
		<KeyWord name="archers_min_levy" />
		<KeyWord name="archers_morale" />
		<KeyWord name="archers_offensive" />
		<KeyWord name="arrange_betrothal_interaction_accept_event" />
		<KeyWord name="arrange_betrothal_interaction_decline_event" />
		<KeyWord name="arrange_succ_betrothal_interaction_accept_event" />
		<KeyWord name="arrange_succ_betrothal_interaction_decline_event" />
		<KeyWord name="arrest_chance_modifier" />
		<KeyWord name="ask_for_divorce_interaction_accept_event" />
		<KeyWord name="ask_for_divorce_interaction_decline_event" />
		<KeyWord name="ask_for_excommunication_interaction_accept_event" />
		<KeyWord name="ask_for_excommunication_interaction_decline_event" />
		<KeyWord name="ask_for_invasion_interaction_accept_event" />
		<KeyWord name="ask_for_invasion_interaction_decline_event" />
		<KeyWord name="ask_for_vassalization_interaction_accept_event" />
		<KeyWord name="ask_for_vassalization_interaction_decline_event" />
		<KeyWord name="ask_to_embargo_interaction_accept_event" />
		<KeyWord name="ask_to_embargo_interaction_decline_event" />
		<KeyWord name="ask_to_join_war_interaction_accept_event" />
		<KeyWord name="ask_to_join_war_interaction_decline_event" />
		<KeyWord name="ask_to_lift_excommunication_interaction_accept_event" />
		<KeyWord name="ask_to_lift_excommunication_interaction_decline_event" />
		<KeyWord name="ask_to_ransom_character_interaction_accept_event" />
		<KeyWord name="ask_to_ransom_character_interaction_decline_event" />
		<KeyWord name="assassinate_chance_modifier" />
		<KeyWord name="assimilate" />
		<KeyWord name="as_if_liege" />
		<KeyWord name="attacker" />
		<KeyWord name="attacker_ai_defeat_worth" />
		<KeyWord name="attacker_ai_victory_worth" />
		<KeyWord name="attacker_alliance_occ_warscore" />
		<KeyWord name="attacker_can_call_allies" />
		<KeyWord name="attribute" />
		<KeyWord name="attributes" />
		<KeyWord name="attribute_diff" />
		<KeyWord name="attrition" />
		<KeyWord name="at_location" />
		<KeyWord name="authority" />
		<KeyWord name="autocephaly" />
		<KeyWord name="auto_add_at_year" />
		<KeyWord name="back_plot" />
		<KeyWord name="band_creator" />
		<KeyWord name="banish" />
		<KeyWord name="banish_reason" />
		<KeyWord name="banish_religion" />
		<KeyWord name="baron" />
		<KeyWord name="baron_titles_hidden" />
		<KeyWord name="base_health" />
		<KeyWord name="base_type" />
		<KeyWord name="bastard_dynasty_prefix" />
		<KeyWord name="battle_warscore_mult" />
		<KeyWord name="become_heretic" />
		<KeyWord name="best_crusade_claimant" />
		<KeyWord name="best_fit_character_for_title" />
		<KeyWord name="biggest_realm_size_relative" />
		<KeyWord name="birth" />
		<KeyWord name="blinding" />
		<KeyWord name="blood_brother" />
		<KeyWord name="bookmark" />
		<KeyWord name="border" />
		<KeyWord name="borders_lake" />
		<KeyWord name="borders_major_river" />
		<KeyWord name="bottleneck_chance" />
		<KeyWord name="break" />
		<KeyWord name="break_betrothal" />
		<KeyWord name="bs_marriage" />
		<KeyWord name="build_cost" />
		<KeyWord name="build_cost_modifier" />
		<KeyWord name="build_holding" />
		<KeyWord name="build_time" />
		<KeyWord name="build_time_modifier" />
		<KeyWord name="cached" />
		<KeyWord name="calc_true_if" />
		<KeyWord name="caliphate" />
		<KeyWord name="call_ally_interaction_accept_event" />
		<KeyWord name="call_ally_interaction_decline_event" />
		<KeyWord name="cancel_ambition" />
		<KeyWord name="cancel_job_action" />
		<KeyWord name="cancel_objective" />
		<KeyWord name="cancel_on_leader_death" />
		<KeyWord name="cancel_plot" />
		<KeyWord name="cannot_inherit" />
		<KeyWord name="cannot_marry" />
		<KeyWord name="can_appear" />
		<KeyWord name="can_ask_to_join_war" />
		<KeyWord name="can_attack_vassals" />
		<KeyWord name="can_be_chancellor_trigger" />
		<KeyWord name="can_be_given_away" />
		<KeyWord name="can_be_marshal_trigger" />
		<KeyWord name="can_be_spiritual_trigger" />
		<KeyWord name="can_be_spymaster_trigger" />
		<KeyWord name="can_be_treasurer_trigger" />
		<KeyWord name="can_call_allies" />
		<KeyWord name="can_call_crusade" />
		<KeyWord name="can_call_vassals" />
		<KeyWord name="can_cancel" />
		<KeyWord name="can_change_religion" />
		<KeyWord name="can_copy_personality_trait_from" />
		<KeyWord name="can_elect_head" />
		<KeyWord name="can_excommunicate" />
		<KeyWord name="can_grant_claim" />
		<KeyWord name="can_grant_divorce" />
		<KeyWord name="can_grant_invasion_cb" />
		<KeyWord name="can_grant_title" />
		<KeyWord name="can_have_antipopes" />
		<KeyWord name="can_have_more_leadership_traits" />
		<KeyWord name="can_hold_temples" />
		<KeyWord name="can_hold_title" />
		<KeyWord name="can_marry" />
		<KeyWord name="can_retire_to_monastery" />
		<KeyWord name="can_use" />
		<KeyWord name="can_use_gui" />
		<KeyWord name="can_use_title" />
		<KeyWord name="capable_only" />
		<KeyWord name="capital" />
		<KeyWord name="capital_holding" />
		<KeyWord name="capital_scope" />
		<KeyWord name="caste_tier" />
		<KeyWord name="castle" />
		<KeyWord name="castle_levy_size" />
		<KeyWord name="castle_opinion" />
		<KeyWord name="castle_tax_modifier" />
		<KeyWord name="castle_vassal_max_levy" />
		<KeyWord name="castle_vassal_min_levy" />
		<KeyWord name="castle_vassal_tax_modifier" />
		<KeyWord name="casus_belli" />
		<KeyWord name="catholic_bishopric" />
		<KeyWord name="cavalry" />
		<KeyWord name="center" />
		<KeyWord name="chance" />
		<KeyWord name="change_diplomacy" />
		<KeyWord name="change_infamy" />
		<KeyWord name="change_intrigue" />
		<KeyWord name="change_learning" />
		<KeyWord name="change_martial" />
		<KeyWord name="change_phase_to" />
		<KeyWord name="change_random_civ_tech" />
		<KeyWord name="change_random_eco_tech" />
		<KeyWord name="change_random_mil_tech" />
		<KeyWord name="change_stewardship" />
		<KeyWord name="change_tech" />
		<KeyWord name="change_title_army_size" />
		<KeyWord name="change_variable" />
		<KeyWord name="character" />
		<KeyWord name="character_event" />
		<KeyWord name="character_modifier" />
		<KeyWord name="charge" />
		<KeyWord name="chargelight_infantry_offensive" />
		<KeyWord name="chargetroops" />
		<KeyWord name="check_actor_direct_vassals" />
		<KeyWord name="check_all_titles" />
		<KeyWord name="check_all_trade_posts" />
		<KeyWord name="check_dejure_duchies" />
		<KeyWord name="check_de_jure_tier" />
		<KeyWord name="check_variable" />
		<KeyWord name="child_opinion" />
		<KeyWord name="christian_church_opinion" />
		<KeyWord name="chronicle" />
		<KeyWord name="church_opinion" />
		<KeyWord name="city" />
		<KeyWord name="city_levy_size" />
		<KeyWord name="city_opinion" />
		<KeyWord name="city_tax_modifier" />
		<KeyWord name="city_vassal_max_levy" />
		<KeyWord name="city_vassal_min_levy" />
		<KeyWord name="city_vassal_tax_modifier" />
		<KeyWord name="claimed_by" />
		<KeyWord name="clan" />
		<KeyWord name="clan_opinion" />
		<KeyWord name="clan_reverse_opinion" />
		<KeyWord name="clan_title" />
		<KeyWord name="clear_delayed_event" />
		<KeyWord name="clear_event_target" />
		<KeyWord name="clear_global_event_target" />
		<KeyWord name="clear_global_event_targets" />
		<KeyWord name="clear_revolt" />
		<KeyWord name="clear_wealth" />
		<KeyWord name="closest" />
		<KeyWord name="clr_character_flag" />
		<KeyWord name="clr_dynasty_flag" />
		<KeyWord name="clr_global_flag" />
		<KeyWord name="clr_province_flag" />
		<KeyWord name="clr_title_flag" />
		<KeyWord name="coat_of_arms" />
		<KeyWord name="cognatic" />
		<KeyWord name="color" />
		<KeyWord name="color2" />
		<KeyWord name="combat_rating" />
		<KeyWord name="combat_rating_diff" />
		<KeyWord name="command_modifier" />
		<KeyWord name="completely_controls" />
		<KeyWord name="completely_controls_region" />
		<KeyWord name="congenital" />
		<KeyWord name="conquest_culture" />
		<KeyWord name="contagiousness" />
		<KeyWord name="continent" />
		<KeyWord name="controlled_by" />
		<KeyWord name="controller" />
		<KeyWord name="controls_religion" />
		<KeyWord name="convert_to" />
		<KeyWord name="copy_random_personality_trait" />
		<KeyWord name="copy_title_history" />
		<KeyWord name="copy_title_laws" />
		<KeyWord name="cost" />
		<KeyWord name="count" />
		<KeyWord name="counts_as_purple_born" />
		<KeyWord name="county" />
		<KeyWord name="count_titles_hidden" />
		<KeyWord name="create_character" />
		<KeyWord name="create_family_palace" />
		<KeyWord name="create_feud" />
		<KeyWord name="create_random_diplomat" />
		<KeyWord name="create_random_intriguer" />
		<KeyWord name="create_random_priest" />
		<KeyWord name="create_random_soldier" />
		<KeyWord name="create_random_steward" />
		<KeyWord name="create_title" />
		<KeyWord name="create_tradepost" />
		<KeyWord name="creation_effect" />
		<KeyWord name="creation_requires_capital" />
		<KeyWord name="creation_trigger" />
		<KeyWord name="crownlaw_title" />
		<KeyWord name="crusade_cb" />
		<KeyWord name="crusade_name" />
		<KeyWord name="crusade_target" />
		<KeyWord name="culture" />
		<KeyWord name="culture_flex" />
		<KeyWord name="culture_group" />
		<KeyWord name="culture_techpoints" />
		<KeyWord name="cure_illness" />
		<KeyWord name="current_heir" />
		<KeyWord name="customizer" />
		<KeyWord name="custom_start" />
		<KeyWord name="custom_tooltip" />
		<KeyWord name="damage" />
		<KeyWord name="data" />
		<KeyWord name="date" />
		<KeyWord name="days" />
		<KeyWord name="death" />
		<KeyWord name="death_accident" />
		<KeyWord name="death_battle" />
		<KeyWord name="death_battle_no_killer" />
		<KeyWord name="death_by_nature" />
		<KeyWord name="death_childbirth" />
		<KeyWord name="death_duel" />
		<KeyWord name="death_dungeon" />
		<KeyWord name="death_execution" />
		<KeyWord name="death_hashshashin" />
		<KeyWord name="death_murder" />
		<KeyWord name="death_murder_unknown" />
		<KeyWord name="death_natural" />
		<KeyWord name="death_rabble" />
		<KeyWord name="death_reason" />
		<KeyWord name="death_sacrificed" />
		<KeyWord name="death_suicide" />
		<KeyWord name="death_trait" />
		<KeyWord name="decadence" />
		<KeyWord name="decisions" />
		<KeyWord name="declare_war_interaction" />
		<KeyWord name="declare_war_interaction_accept_event" />
		<KeyWord name="defacto_liege_title" />
		<KeyWord name="default" />
		<KeyWord name="default_selection" />
		<KeyWord name="defence" />
		<KeyWord name="defender" />
		<KeyWord name="defender_ai_defeat_worth" />
		<KeyWord name="defender_ai_victory_worth" />
		<KeyWord name="defender_can_call_allies" />
		<KeyWord name="defending_against_claimant" />
		<KeyWord name="defensive" />
		<KeyWord name="defensive_attrition" />
		<KeyWord name="dejure_liege_title" />
		<KeyWord name="demand_religious_conversion_interaction_accept_event" />
		<KeyWord name="demand_religious_conversion_interaction_decline_event" />
		<KeyWord name="demesne_efficiency" />
		<KeyWord name="demesne_garrison_size" />
		<KeyWord name="demesne_size" />
		<KeyWord name="desc" />
		<KeyWord name="destroy_fort" />
		<KeyWord name="destroy_landed_title" />
		<KeyWord name="destroy_random_building" />
		<KeyWord name="destroy_settlement" />
		<KeyWord name="destroy_tradepost" />
		<KeyWord name="de_facto_liege" />
		<KeyWord name="de_jure_laws" />
		<KeyWord name="de_jure_liege" />
		<KeyWord name="de_jure_liege_or_above" />
		<KeyWord name="de_jure_vassal_or_below" />
		<KeyWord name="difficulty" />
		<KeyWord name="dignity" />
		<KeyWord name="diplomacy" />
		<KeyWord name="diplomatic_immunity" />
		<KeyWord name="diploresponse_event" />
		<KeyWord name="disallow_random_traits" />
		<KeyWord name="disband_event_forces" />
		<KeyWord name="disband_on_peace" />
		<KeyWord name="disease_defence" />
		<KeyWord name="disinherit_from_blinding" />
		<KeyWord name="dislike_tribal_organization" />
		<KeyWord name="dismiss_trigger" />
		<KeyWord name="distance" />
		<KeyWord name="distance_from_realm" />
		<KeyWord name="divide_variable" />
		<KeyWord name="divine_blood" />
		<KeyWord name="dna" />
		<KeyWord name="duchy" />
		<KeyWord name="duchy_revokation" />
		<KeyWord name="duke" />
		<KeyWord name="dukes_called_kings" />
		<KeyWord name="duration" />
		<KeyWord name="dynasty" />
		<KeyWord name="dynasty_decisions" />
		<KeyWord name="dynasty_head" />
		<KeyWord name="dynasty_opinion" />
		<KeyWord name="dynasty_realm_power" />
		<KeyWord name="dynasty_title_names" />
		<KeyWord name="earmark" />
		<KeyWord name="economy" />
		<KeyWord name="economy_techpoints" />
		<KeyWord name="educate_character_interaction_accept_event" />
		<KeyWord name="educate_character_interaction_decline_event" />
		<KeyWord name="education" />
		<KeyWord name="effect" />
		<KeyWord name="embargo" />
		<KeyWord name="emblem" />
		<KeyWord name="emperor" />
		<KeyWord name="empire" />
		<KeyWord name="employer" />
		<KeyWord name="enable_prepared_invasion" />
		<KeyWord name="enatic" />
		<KeyWord name="enatic_cognatic" />
		<KeyWord name="end_date" />
		<KeyWord name="end_oath" />
		<KeyWord name="end_war" />
		<KeyWord name="enemy" />
		<KeyWord name="enforce_peace" />
		<KeyWord name="era" />
		<KeyWord name="events" />
		<KeyWord name="evil_god_names" />
		<KeyWord name="exclusive" />
		<KeyWord name="excommunicate" />
		<KeyWord name="excommunicated_for" />
		<KeyWord name="execute_imprisoned_interaction" />
		<KeyWord name="execute_reason" />
		<KeyWord name="exile_imprisoned_interaction" />
		<KeyWord name="expectation_of_liege" />
		<KeyWord name="expel_modifier" />
		<KeyWord name="extra_tech_building_start" />
		<KeyWord name="faction" />
		<KeyWord name="faction_claimant" />
		<KeyWord name="faction_power" />
		<KeyWord name="factor" />
		<KeyWord name="family" />
		<KeyWord name="family_palace" />
		<KeyWord name="father" />
		<KeyWord name="father_even_if_dead" />
		<KeyWord name="father_name_chance" />
		<KeyWord name="father_of_unborn" />
		<KeyWord name="father_of_unborn_known" />
		<KeyWord name="female" />
		<KeyWord name="female_dynasty_opinion" />
		<KeyWord name="female_names" />
		<KeyWord name="female_patronym" />
		<KeyWord name="female_temple_holders" />
		<KeyWord name="feminist" />
		<KeyWord name="fertility" />
		<KeyWord name="feudal_elective" />
		<KeyWord name="feudal_opinion" />
		<KeyWord name="first" />
		<KeyWord name="first_amount" />
		<KeyWord name="first_type" />
		<KeyWord name="flag" />
		<KeyWord name="flank" />
		<KeyWord name="flank_has_leader" />
		<KeyWord name="foa" />
		<KeyWord name="forced_coa_religiongroup" />
		<KeyWord name="fort_level" />
		<KeyWord name="founder_named_dynasties" />
		<KeyWord name="free_invest_vassal_opinion" />
		<KeyWord name="free_levies_in_offensive_war" />
		<KeyWord name="from" />
		<KeyWord name="fromfrom" />
		<KeyWord name="fromfromfrom" />
		<KeyWord name="fromfromfromfrom" />
		<KeyWord name="from_dynasty_prefix" />
		<KeyWord name="from_dynasty_suffix" />
		<KeyWord name="from_potential" />
		<KeyWord name="from_ruler_dynasty" />
		<KeyWord name="gain_all_occupied_titles" />
		<KeyWord name="gain_effect" />
		<KeyWord name="gain_settlements_under_title" />
		<KeyWord name="gain_title" />
		<KeyWord name="gain_title_plus_barony_if_unlanded" />
		<KeyWord name="galleys" />
		<KeyWord name="galleys_perc" />
		<KeyWord name="garrison_growth" />
		<KeyWord name="garrison_size" />
		<KeyWord name="gavelkind" />
		<KeyWord name="gender_laws" />
		<KeyWord name="gender_succ" />
		<KeyWord name="general_opinion" />
		<KeyWord name="give_job_title" />
		<KeyWord name="give_minor_title" />
		<KeyWord name="give_nickname" />
		<KeyWord name="global_defensive" />
		<KeyWord name="global_revolt_risk" />
		<KeyWord name="global_supply_limit" />
		<KeyWord name="global_tax_modifier" />
		<KeyWord name="god_names" />
		<KeyWord name="gold" />
		<KeyWord name="government" />
		<KeyWord name="grammar_transform" />
		<KeyWord name="grant_kingdom_w_adjudication" />
		<KeyWord name="grant_landed_title_interaction" />
		<KeyWord name="grant_landed_title_interaction_accept_event" />
		<KeyWord name="grant_landed_title_interaction_decline_event" />
		<KeyWord name="grant_limit" />
		<KeyWord name="grant_title" />
		<KeyWord name="grant_title_no_opinion" />
		<KeyWord name="graphical_culture" />
		<KeyWord name="graphical_unit_culture" />
		<KeyWord name="group" />
		<KeyWord name="guardian" />
		<KeyWord name="had_character_flag" />
		<KeyWord name="had_dynasty_flag" />
		<KeyWord name="had_global_flag" />
		<KeyWord name="had_province_flag" />
		<KeyWord name="had_title_flag" />
		<KeyWord name="happened" />
		<KeyWord name="harass" />
		<KeyWord name="has_ambition" />
		<KeyWord name="has_any_opinion_modifier" />
		<KeyWord name="has_autocephaly" />
		<KeyWord name="has_blood_oath_with" />
		<KeyWord name="has_building" />
		<KeyWord name="has_called_crusade" />
		<KeyWord name="has_capital" />
		<KeyWord name="has_cb" />
		<KeyWord name="has_character_flag" />
		<KeyWord name="has_character_modifier" />
		<KeyWord name="has_claim" />
		<KeyWord name="has_coa_on_barony_only" />
		<KeyWord name="has_concubinage" />
		<KeyWord name="has_crown_law_title" />
		<KeyWord name="has_de_jure_pretension" />
		<KeyWord name="has_disease" />
		<KeyWord name="has_dlc" />
		<KeyWord name="has_dynasty_flag" />
		<KeyWord name="has_earmarked_regiments" />
		<KeyWord name="has_earmarked_regiments_not_raiding" />
		<KeyWord name="has_embargo" />
		<KeyWord name="has_empty_holding" />
		<KeyWord name="has_epidemic" />
		<KeyWord name="has_feud_with" />
		<KeyWord name="has_focus" />
		<KeyWord name="has_game_started" />
		<KeyWord name="has_global_flag" />
		<KeyWord name="has_guardian" />
		<KeyWord name="has_heir_designation" />
		<KeyWord name="has_heresies" />
		<KeyWord name="has_higher_tech_than" />
		<KeyWord name="has_holder" />
		<KeyWord name="has_horde_culture" />
		<KeyWord name="has_job_action" />
		<KeyWord name="has_job_title" />
		<KeyWord name="has_landed_title" />
		<KeyWord name="has_law" />
		<KeyWord name="has_liege_enforced_peace" />
		<KeyWord name="has_lover" />
		<KeyWord name="has_mercenary_band" />
		<KeyWord name="has_mercenary_maintenance_modifier" />
		<KeyWord name="has_minor_title" />
		<KeyWord name="has_newly_acquired_titles" />
		<KeyWord name="has_nickname" />
		<KeyWord name="has_non_aggression_pact_with" />
		<KeyWord name="has_objective" />
		<KeyWord name="has_opinion_modifier" />
		<KeyWord name="has_overseas_holdings" />
		<KeyWord name="has_owner" />
		<KeyWord name="has_plot" />
		<KeyWord name="has_polygamy" />
		<KeyWord name="has_province_flag" />
		<KeyWord name="has_province_modifier" />
		<KeyWord name="has_raised_levies" />
		<KeyWord name="has_raised_standing_troops" />
		<KeyWord name="has_regent" />
		<KeyWord name="has_regiments" />
		<KeyWord name="has_settlement_construction" />
		<KeyWord name="has_siege" />
		<KeyWord name="has_strong_claim" />
		<KeyWord name="has_title_flag" />
		<KeyWord name="has_top_de_jure_capital" />
		<KeyWord name="has_trade_post" />
		<KeyWord name="has_truce" />
		<KeyWord name="has_weak_claim" />
		<KeyWord name="head" />
		<KeyWord name="health" />
		<KeyWord name="health_traits" />
		<KeyWord name="heavy_cavalry" />
		<KeyWord name="heavy_infantry" />
		<KeyWord name="heavy_infantry_defensive" />
		<KeyWord name="heavy_infantry_max_levy" />
		<KeyWord name="heavy_infantry_min_levy" />
		<KeyWord name="heavy_infantry_morale" />
		<KeyWord name="heavy_infantry_offensive" />
		<KeyWord name="heavy_troops" />
		<KeyWord name="heir_under_primogeniture_law" />
		<KeyWord name="heir_under_seniority_law" />
		<KeyWord name="held_favor_activated_by" />
		<KeyWord name="held_title_rating" />
		<KeyWord name="heresy_icon" />
		<KeyWord name="hidden" />
		<KeyWord name="hidden_tooltip" />
		<KeyWord name="hide_from" />
		<KeyWord name="hide_new" />
		<KeyWord name="hide_window" />
		<KeyWord name="higher_real_tier_than" />
		<KeyWord name="higher_tier_than" />
		<KeyWord name="highest_ranked_relative" />
		<KeyWord name="holder" />
		<KeyWord name="holder_scope" />
		<KeyWord name="holding_diff" />
		<KeyWord name="holding_dynasty" />
		<KeyWord name="holding_type" />
		<KeyWord name="hold_election" />
		<KeyWord name="hold_favor_on" />
		<KeyWord name="holy_order" />
		<KeyWord name="holy_site" />
		<KeyWord name="home" />
		<KeyWord name="horde" />
		<KeyWord name="horse_archers" />
		<KeyWord name="horse_archers_defensive" />
		<KeyWord name="horse_archers_max_levy" />
		<KeyWord name="horse_archers_min_levy" />
		<KeyWord name="horse_archers_morale" />
		<KeyWord name="horse_archers_offensive" />
		<KeyWord name="host" />
		<KeyWord name="hostile_against_others" />
		<KeyWord name="hostile_within_group" />
		<KeyWord name="icon" />
		<KeyWord name="id" />
		<KeyWord name="if" />
		<KeyWord name="ignores_defensive_attrition" />
		<KeyWord name="immediate" />
		<KeyWord name="immortal" />
		<KeyWord name="impregnate" />
		<KeyWord name="impregnate_cuckoo" />
		<KeyWord name="imprison" />
		<KeyWord name="imprisoned_days" />
		<KeyWord name="imprison_character_interaction" />
		<KeyWord name="inbred" />
		<KeyWord name="incapacitating" />
		<KeyWord name="independence_war_score_bonus" />
		<KeyWord name="independent" />
		<KeyWord name="infamy" />
		<KeyWord name="infamy_modifier" />
		<KeyWord name="infidel_opinion" />
		<KeyWord name="inherit" />
		<KeyWord name="inherit_chance" />
		<KeyWord name="inland_sea" />
		<KeyWord name="insert_title_history" />
		<KeyWord name="intermarry" />
		<KeyWord name="intrigue" />
		<KeyWord name="intrigue_plot" />
		<KeyWord name="invalid" />
		<KeyWord name="invasion_target" />
		<KeyWord name="investiture" />
		<KeyWord name="invite_to_court_interaction_accept_event" />
		<KeyWord name="invite_to_court_interaction_decline_event" />
		<KeyWord name="in_battle" />
		<KeyWord name="in_command" />
		<KeyWord name="in_faction" />
		<KeyWord name="in_hiding" />
		<KeyWord name="in_revolt" />
		<KeyWord name="in_siege" />
		<KeyWord name="is_abroad" />
		<KeyWord name="is_adult" />
		<KeyWord name="is_alive" />
		<KeyWord name="is_allied_with" />
		<KeyWord name="is_allowed_holding_type" />
		<KeyWord name="is_allowed_to_loot" />
		<KeyWord name="is_attacker" />
		<KeyWord name="is_at_sea" />
		<KeyWord name="is_betrothed" />
		<KeyWord name="is_capital" />
		<KeyWord name="is_chancellor" />
		<KeyWord name="is_child_of" />
		<KeyWord name="is_claim_all" />
		<KeyWord name="is_close_relative" />
		<KeyWord name="is_conquered" />
		<KeyWord name="is_consort" />
		<KeyWord name="is_contested" />
		<KeyWord name="is_councillor" />
		<KeyWord name="is_crown_law_title" />
		<KeyWord name="is_crusade" />
		<KeyWord name="is_decision_allowed" />
		<KeyWord name="is_decision_potential" />
		<KeyWord name="is_dying" />
		<KeyWord name="is_epidemic" />
		<KeyWord name="is_father" />
		<KeyWord name="is_father_real_father" />
		<KeyWord name="is_female" />
		<KeyWord name="is_feudal" />
		<KeyWord name="is_flanking" />
		<KeyWord name="is_foe" />
		<KeyWord name="is_former_lover" />
		<KeyWord name="is_fort_decision_allowed" /> 
		<KeyWord name="is_fort_decision_potential" /> 
		<KeyWord name="is_friend" />
		<KeyWord name="is_friendly" />
		<KeyWord name="is_government_potential" />
		<KeyWord name="is_guardian" />
		<KeyWord name="is_health" />
		<KeyWord name="is_heir" />
		<KeyWord name="is_heresy_of" />
		<KeyWord name="is_heretic" />
		<KeyWord name="is_high_prio" />
		<KeyWord name="is_holy_site" />
		<KeyWord name="is_holy_war" />
		<KeyWord name="is_hostile" />
		<KeyWord name="is_ill" />
		<KeyWord name="is_illness" />
		<KeyWord name="is_independence" />
		<KeyWord name="is_ironman" />
		<KeyWord name="is_island" />
		<KeyWord name="is_land" />
		<KeyWord name="is_landed" />
		<KeyWord name="is_landless_type_title" />
		<KeyWord name="is_law_allowed" />
		<KeyWord name="is_law_potential" />
		<KeyWord name="is_liege_of" />
		<KeyWord name="is_liege_or_above" />
		<KeyWord name="is_located_in" />
		<KeyWord name="is_looting" />
		<KeyWord name="is_looting_in" />
		<KeyWord name="is_lover" />
		<KeyWord name="is_lowborn" />
		<KeyWord name="is_main_spouse" />
		<KeyWord name="is_marriage_adult" />
		<KeyWord name="is_married" />
		<KeyWord name="is_married_matrilineally" />
		<KeyWord name="is_martial" />
		<KeyWord name="is_merchant_republic" />
		<KeyWord name="is_mother" />
		<KeyWord name="is_multiplayer_host_character" />
		<KeyWord name="is_nomadic" />
		<KeyWord name="is_occupied" />
		<KeyWord name="is_older_than" />
		<KeyWord name="is_opposite_sex" />
		<KeyWord name="is_parent_religion" />
		<KeyWord name="is_patrician" />
		<KeyWord name="is_permanent" />
		<KeyWord name="is_playable" />
		<KeyWord name="is_plot_active" />
		<KeyWord name="is_plot_target_of" />
		<KeyWord name="is_preferred_holding_type" />
		<KeyWord name="is_pregnant" />
		<KeyWord name="is_pretender" />
		<KeyWord name="is_priest" />
		<KeyWord name="is_primary_heir" />
		<KeyWord name="is_primary_holder_title" />
		<KeyWord name="is_primary_holder_title_tier" />
		<KeyWord name="is_primary_type_title" />
		<KeyWord name="is_primary_war_attacker" />
		<KeyWord name="is_primary_war_defender" />
		<KeyWord name="is_recent_grant" />
		<KeyWord name="is_reformed_religion" />
		<KeyWord name="is_reincarnated" />
		<KeyWord name="is_republic" />
		<KeyWord name="is_revolt_cb" />
		<KeyWord name="is_rival" />
		<KeyWord name="is_ruler" />
		<KeyWord name="is_seafarer" />
		<KeyWord name="is_settlement_decision_allowed" />
		<KeyWord name="is_settlement_decision_potential" />
		<KeyWord name="is_spiritual" />
		<KeyWord name="is_spymaster" />
		<KeyWord name="is_targetted_decision_allowed" />
		<KeyWord name="is_targetted_decision_potential" />
		<KeyWord name="is_theocracy" />
		<KeyWord name="is_title_active" />
		<KeyWord name="is_title_decision_allowed" />
		<KeyWord name="is_title_decision_potential" />
		<KeyWord name="is_titular" />
		<KeyWord name="is_trade_post_decision_allowed" />
		<KeyWord name="is_trade_post_decision_potential" />
		<KeyWord name="is_treasurer" />
		<KeyWord name="is_tribal" />
		<KeyWord name="is_tribal_type_title" />
		<KeyWord name="is_tributary" />
		<KeyWord name="is_triggered_only" />
		<KeyWord name="is_unique" />
		<KeyWord name="is_valid" />
		<KeyWord name="is_valid_attraction" />
		<KeyWord name="is_valid_romance_trigger" />
		<KeyWord name="is_valid_title" />
		<KeyWord name="is_valid_viking_invasion_target" />
		<KeyWord name="is_variable_equal" />
		<KeyWord name="is_vassal_or_below" />
		<KeyWord name="is_vice_royalty" />
		<KeyWord name="is_voter" />
		<KeyWord name="is_water" />
		<KeyWord name="is_winter" />
		<KeyWord name="is_within_diplo_range" />
		<KeyWord name="job_chancellor" />
		<KeyWord name="job_marshal" />
		<KeyWord name="job_spiritual" />
		<KeyWord name="job_spymaster" />
		<KeyWord name="job_treasurer" />
		<KeyWord name="join_ambition_interaction_accept_event" />
		<KeyWord name="join_ambition_interaction_decline_event" />
		<KeyWord name="join_attacker_wars" />
		<KeyWord name="join_defender_wars" />
		<KeyWord name="key" />
		<KeyWord name="killer" />
		<KeyWord name="king" />
		<KeyWord name="kingdom" />
		<KeyWord name="knights" />
		<KeyWord name="knights_defensive" />
		<KeyWord name="knights_max_levy" />
		<KeyWord name="knights_min_levy" />
		<KeyWord name="knights_morale" />
		<KeyWord name="knights_offensive" />
		<KeyWord name="land" />
		<KeyWord name="landed_title" />
		<KeyWord name="landless" />
		<KeyWord name="land_morale" />
		<KeyWord name="land_organisation" />
		<KeyWord name="last_start_date" />
		<KeyWord name="law" />
		<KeyWord name="laws" />
		<KeyWord name="layer" />
		<KeyWord name="leader" />
		<KeyWord name="leadership_traits" />
		<KeyWord name="leads_faction" />
		<KeyWord name="learning" />
		<KeyWord name="leave_plot" />
		<KeyWord name="letter_event" />
		<KeyWord name="levy_reinforce_rate" />
		<KeyWord name="levy_size" />
		<KeyWord name="liege" />
		<KeyWord name="liege_before_war" />
		<KeyWord name="liege_opinion" />
		<KeyWord name="liege_piety" />
		<KeyWord name="liege_titles" />
		<KeyWord name="liege_titles_w_claimant" />
		<KeyWord name="lifestyle" />
		<KeyWord name="lifestyle_traits" />
		<KeyWord name="lift_fow" />
		<KeyWord name="lift_neighbor_fow" />
		<KeyWord name="light_cavalry" />
		<KeyWord name="light_cavalry_defensive" />
		<KeyWord name="light_cavalry_max_levy" />
		<KeyWord name="light_cavalry_min_levy" />
		<KeyWord name="light_cavalry_morale" />
		<KeyWord name="light_cavalry_offensive" />
		<KeyWord name="light_infantry" />
		<KeyWord name="light_infantry_defensive" />
		<KeyWord name="light_infantry_max_levy" />
		<KeyWord name="light_infantry_min_levy" />
		<KeyWord name="light_infantry_morale" />
		<KeyWord name="light_infantry_offensive" />
		<KeyWord name="light_troops" />
		<KeyWord name="likes_better_than" />
		<KeyWord name="limit" />
		<KeyWord name="local_build_cost_modifier" />
		<KeyWord name="local_build_time_modifier" />
		<KeyWord name="local_revolt_risk" />
		<KeyWord name="local_speed_modifier" />
		<KeyWord name="local_tax_modifier" />
		<KeyWord name="location" />
		<KeyWord name="location_ruler_title" />
		<KeyWord name="log" />
		<KeyWord name="loot" />
		<KeyWord name="lose_effect" />
		<KeyWord name="lover" />
		<KeyWord name="lower_real_tier_than" />
		<KeyWord name="lower_tier_than" />
		<KeyWord name="maintenance" />
		<KeyWord name="maintenance_multiplier" />
		<KeyWord name="major" />
		<KeyWord name="major_revolt" />
		<KeyWord name="major_trigger" />
		<KeyWord name="make_capital_holding" />
		<KeyWord name="make_consort_interaction_accept_event" />
		<KeyWord name="make_consort_interaction_decline_event" />
		<KeyWord name="make_primary_settlement" />
		<KeyWord name="make_primary_spouse" />
		<KeyWord name="make_primary_title" />
		<KeyWord name="make_tributary" />
		<KeyWord name="male_dynasty_opinion" />
		<KeyWord name="male_names" />
		<KeyWord name="male_patronym" />
		<KeyWord name="manpower" />
		<KeyWord name="martial" />
		<KeyWord name="match_character" />
		<KeyWord name="match_max" />
		<KeyWord name="match_min" />
		<KeyWord name="match_mult" />
		<KeyWord name="matrilineal_marriages" />
		<KeyWord name="mat_grf_name_chance" />
		<KeyWord name="mat_grm_name_chance" />
		<KeyWord name="max_age" />
		<KeyWord name="max_attrition" />
		<KeyWord name="max_consorts" />
		<KeyWord name="max_manpower" />
		<KeyWord name="max_realm_levy_diff" />
		<KeyWord name="max_settlements" />
		<KeyWord name="max_tradeposts" />
		<KeyWord name="max_wives" />
		<KeyWord name="may_request_law_change" />
		<KeyWord name="mean_time_to_happen" />
		<KeyWord name="melee" />
		<KeyWord name="membership" />
		<KeyWord name="mercenary" />
		<KeyWord name="mercenary_employer" />
		<KeyWord name="mercenary_siphon_factor" />
		<KeyWord name="message" />
		<KeyWord name="military" />
		<KeyWord name="military_plot" />
		<KeyWord name="military_techpoints" />
		<KeyWord name="min_age" />
		<KeyWord name="modifier" />
		<KeyWord name="month" />
		<KeyWord name="monthly_character_piety" />
		<KeyWord name="monthly_character_prestige" />
		<KeyWord name="monthly_character_wealth" />
		<KeyWord name="monthly_income" />
		<KeyWord name="monthly_piety" />
		<KeyWord name="monthly_prestige" />
		<KeyWord name="monthly_salary" />
		<KeyWord name="months" />
		<KeyWord name="morale" />
		<KeyWord name="morale_defence" />
		<KeyWord name="morale_offence" />
		<KeyWord name="most_participating_attacker" />
		<KeyWord name="most_participating_crusader" />
		<KeyWord name="most_participating_defender" />
		<KeyWord name="most_prestigious_clan_vassal" />
		<KeyWord name="mother" />
		<KeyWord name="mother_even_if_dead" />
		<KeyWord name="mother_name_chance" />
		<KeyWord name="movement_cost" />
		<KeyWord name="move_character" />
		<KeyWord name="multiplayer" />
		<KeyWord name="multiplier" />
		<KeyWord name="multiply_variable" />
		<KeyWord name="mult_multiplier" />
		<KeyWord name="murder_plot" />
		<KeyWord name="muslim_opinion" />
		<KeyWord name="name" />
		<KeyWord name="namespace" />
		<KeyWord name="name_tier" />
		<KeyWord name="nand" />
		<KeyWord name="narrative_event" />
		<KeyWord name="narrow_flank" />
		<KeyWord name="naval_morale" />
		<KeyWord name="naval_organisation" />
		<KeyWord name="new_character" />
		<KeyWord name="new_title" />
		<KeyWord name="no" />
		<KeyWord name="none" />
		<KeyWord name="nor" />
		<KeyWord name="not" />
		<KeyWord name="notification" />
		<KeyWord name="not_if_x_exists" />
		<KeyWord name="num" />
		<KeyWord name="num_culture_realm_provs" />
		<KeyWord name="num_fitting_characters_for_title" />
		<KeyWord name="num_of_baron_titles" />
		<KeyWord name="num_of_buildings" />
		<KeyWord name="num_of_children" />
		<KeyWord name="num_of_claims" />
		<KeyWord name="num_of_consorts" />
		<KeyWord name="num_of_count_titles" />
		<KeyWord name="num_of_count_titles_in_realm" />
		<KeyWord name="num_of_duke_titles" />
		<KeyWord name="num_of_dynasty_members" />
		<KeyWord name="num_of_emperor_titles" />
		<KeyWord name="num_of_empty_holdings" />
		<KeyWord name="num_of_extra_landed_titles" />
		<KeyWord name="num_of_faction_backers" />
		<KeyWord name="num_of_feuds" />
		<KeyWord name="num_of_friends" />
		<KeyWord name="num_of_government_vassals" />
		<KeyWord name="num_of_holy_sites" />
		<KeyWord name="num_of_king_titles" />
		<KeyWord name="num_of_lovers" />
		<KeyWord name="num_of_max_settlements" />
		<KeyWord name="num_of_plot_backers" />
		<KeyWord name="num_of_prisoners" />
		<KeyWord name="num_of_realm_counties" />
		<KeyWord name="num_of_rivals" />
		<KeyWord name="num_of_settlements" />
		<KeyWord name="num_of_spouses" />
		<KeyWord name="num_of_subrealm_castle" />
		<KeyWord name="num_of_subrealm_cities" />
		<KeyWord name="num_of_titles" />
		<KeyWord name="num_of_trade_posts" />
		<KeyWord name="num_of_trade_post_diff" />
		<KeyWord name="num_of_traits" />
		<KeyWord name="num_of_unique_dynasty_vassals" />
		<KeyWord name="num_of_vassals" />
		<KeyWord name="num_title_realm_provs" />
		<KeyWord name="num_traits" />
		<KeyWord name="objective_succeeds" />
		<KeyWord name="occupy_minors_of_occupied_settlements" />
		<KeyWord name="offer_marrige_interaction_accept_event" />
		<KeyWord name="offer_marrige_interaction_decline_event" />
		<KeyWord name="offer_peace_interaction_accept_event" />
		<KeyWord name="offer_peace_interaction_decline_event" />
		<KeyWord name="offer_succession_marrige_interaction_accept_event" />
		<KeyWord name="offer_succession_marrige_interaction_decline_event" />
		<KeyWord name="offer_vassalization_interaction_accept_event" />
		<KeyWord name="offer_vassalization_interaction_decline_event" />
		<KeyWord name="oldest_child_opinion" />
		<KeyWord name="one_only" />
		<KeyWord name="only_capable" />
		<KeyWord name="only_independent" />
		<KeyWord name="only_men" />
		<KeyWord name="only_playable" />
		<KeyWord name="only_rulers" />
		<KeyWord name="only_women" />
		<KeyWord name="on_acquire_nickname" />
		<KeyWord name="on_add" />
		<KeyWord name="on_add_posttitle" />
		<KeyWord name="on_add_title" />
		<KeyWord name="on_approve_de_jure_law" />
		<KeyWord name="on_approve_law" />
		<KeyWord name="on_assassination" />
		<KeyWord name="on_assassination_disc" />
		<KeyWord name="on_attacker_leader_death" />
		<KeyWord name="on_avoided_imprison_fled_country" />
		<KeyWord name="on_avoided_imprison_started_war" />
		<KeyWord name="on_bastard_birth" />
		<KeyWord name="on_bastard_pregnancy" />
		<KeyWord name="on_battle_lost" />
		<KeyWord name="on_battle_lost_leader" />
		<KeyWord name="on_battle_won" />
		<KeyWord name="on_battle_won_leader" />
		<KeyWord name="on_became_imprisoned" />
		<KeyWord name="on_became_imprisoned_any_reason" />
		<KeyWord name="on_birth" />
		<KeyWord name="on_bi_yearly_pulse" />
		<KeyWord name="on_character_convert_culture" />
		<KeyWord name="on_character_convert_religion" />
		<KeyWord name="on_character_event_message" />
		<KeyWord name="on_combat_pulse" />
		<KeyWord name="on_create_title" />
		<KeyWord name="on_crusade_creation" />
		<KeyWord name="on_crusade_failure" />
		<KeyWord name="on_crusade_success" />
		<KeyWord name="on_death" />
		<KeyWord name="on_decade_pulse" />
		<KeyWord name="on_defect_from_rebels" />
		<KeyWord name="on_defect_to_rebels" />
		<KeyWord name="on_defender_leader_death" />
		<KeyWord name="on_divorce" />
		<KeyWord name="on_executed" />
		<KeyWord name="on_exiled" />
		<KeyWord name="on_fail" />
		<KeyWord name="on_failed_assassination" />
		<KeyWord name="on_failed_assassination_disc" />
		<KeyWord name="on_fail_posttitle" />
		<KeyWord name="on_fail_title" />
		<KeyWord name="on_five_year_pulse" />
		<KeyWord name="on_forced_consort" />
		<KeyWord name="on_holy_order_leave" />
		<KeyWord name="on_letter_event_message" />
		<KeyWord name="on_loot_settlement" />
		<KeyWord name="on_marriage" />
		<KeyWord name="on_merc_leave" />
		<KeyWord name="on_merc_rampage" />
		<KeyWord name="on_merc_turn_coat_from" />
		<KeyWord name="on_merc_turn_coat_to" />
		<KeyWord name="on_mission_creation" />
		<KeyWord name="on_mission_failure" />
		<KeyWord name="on_mission_success" />
		<KeyWord name="on_navy_returns_with_loot" />
		<KeyWord name="on_new_holder" />
		<KeyWord name="on_new_holder_inheritance" />
		<KeyWord name="on_new_holder_usurpation" />
		<KeyWord name="on_pregnancy" />
		<KeyWord name="on_prepared_invasion_aborts" />
		<KeyWord name="on_prepared_invasion_expires" />
		<KeyWord name="on_prepared_invasion_monthly" />
		<KeyWord name="on_rebel_revolt" />
		<KeyWord name="on_reform_religion" />
		<KeyWord name="on_released_from_prison" />
		<KeyWord name="on_reverse_demand" />
		<KeyWord name="on_reverse_demand_posttitle" />
		<KeyWord name="on_reverse_demand_title" />
		<KeyWord name="on_settlement_looted" />
		<KeyWord name="on_siege_lost_leader" />
		<KeyWord name="on_siege_over_loc_chars" />
		<KeyWord name="on_siege_over_winner" />
		<KeyWord name="on_siege_pulse" />
		<KeyWord name="on_siege_won_leader" />
		<KeyWord name="on_startup" />
		<KeyWord name="on_success" />
		<KeyWord name="on_success_posttitle" />
		<KeyWord name="on_success_title" />
		<KeyWord name="on_thirdparty_death" />
		<KeyWord name="on_trigger" />
		<KeyWord name="on_warleader_death" />
		<KeyWord name="on_yearly_childhood_pulse" />
		<KeyWord name="on_yearly_pulse" />
		<KeyWord name="open_elective" />
		<KeyWord name="opinion" />
		<KeyWord name="opinion_diff" />
		<KeyWord name="opinion_effect" />
		<KeyWord name="opinion_levy_raised_days" />
		<KeyWord name="opposites" />
		<KeyWord name="opposite_opinion" />
		<KeyWord name="option" />
		<KeyWord name="or" />
		<KeyWord name="outbreak_chance" />
		<KeyWord name="overlord_of" />
		<KeyWord name="over_max_demesne_size" />
		<KeyWord name="over_vassal_limit" />
		<KeyWord name="owed_favor_activated_by" />
		<KeyWord name="owes_favor_to" />
		<KeyWord name="owner" />
		<KeyWord name="owns" />
		<KeyWord name="owns_mercenary_units" />
		<KeyWord name="pacifist" />
		<KeyWord name="pacifist" />
		<KeyWord name="papal_succession" />
		<KeyWord name="parent" />
		<KeyWord name="parent_religion_head" />
		<KeyWord name="participation_scaled_decadence" />
		<KeyWord name="participation_scaled_piety" />
		<KeyWord name="participation_scaled_prestige" />
		<KeyWord name="pass_effect" />
		<KeyWord name="patrician_elective" />
		<KeyWord name="patrician_heir" />
		<KeyWord name="pattern_type" />
		<KeyWord name="pat_grf_name_chance" />
		<KeyWord name="pat_grm_name_chance" />
		<KeyWord name="pays_tribute_to" />
		<KeyWord name="pc_marriage" />
		<KeyWord name="peace_piety_gain" />
		<KeyWord name="peace_prestige_loss" />
		<KeyWord name="pentarch" />
		<KeyWord name="pentarchy" />
		<KeyWord name="personality" />
		<KeyWord name="personality_traits" />
		<KeyWord name="personal_opinion" />
		<KeyWord name="personal_opinion_diff" />
		<KeyWord name="phase" />
		<KeyWord name="phase_melee_attack" />
		<KeyWord name="phase_melee_defense" />
		<KeyWord name="phase_pursue_attack" />
		<KeyWord name="phase_pursue_defense" />
		<KeyWord name="phase_skirmish_attack" />
		<KeyWord name="phase_skirmish_defense" />
		<KeyWord name="picture" />
		<KeyWord name="piety" />
		<KeyWord name="piety_cost" />
		<KeyWord name="piety_name" />
		<KeyWord name="pikemen" />
		<KeyWord name="pikemen_defensive" />
		<KeyWord name="pikemen_max_levy" />
		<KeyWord name="pikemen_min_levy" />
		<KeyWord name="pikemen_morale" />
		<KeyWord name="pikemen_offensive" />
		<KeyWord name="pilgrimage" />
		<KeyWord name="pirate" />
		<KeyWord name="playable" />
		<KeyWord name="player_allow" />
		<KeyWord name="plotter" />
		<KeyWord name="plot_backers" />
		<KeyWord name="plot_decisions" />
		<KeyWord name="plot_discovery_chance" />
		<KeyWord name="plot_is_known_by" />
		<KeyWord name="plot_power" />
		<KeyWord name="plot_power_contribution" />
		<KeyWord name="plot_succeeds" />
		<KeyWord name="plot_target_char" />
		<KeyWord name="plot_target_province" />
		<KeyWord name="plot_target_title" />
		<KeyWord name="population" />
		<KeyWord name="population_and_manpower" />
		<KeyWord name="population_factor" />
		<KeyWord name="port" />
		<KeyWord name="possible" />
		<KeyWord name="potential" />
		<KeyWord name="potential_creator" />
		<KeyWord name="potential_taker" />
		<KeyWord name="power" />
		<KeyWord name="prefix" />
		<KeyWord name="preparing_invasion" />
		<KeyWord name="preparing_to_invade_me" />
		<KeyWord name="prerequisites" />
		<KeyWord name="press_claim" />
		<KeyWord name="prestige" />
		<KeyWord name="prestige_cost" />
		<KeyWord name="prev" />
		<KeyWord name="prevent_decadence" />
		<KeyWord name="prevprev" />
		<KeyWord name="prevprevprev" />
		<KeyWord name="prevprevprevprev" />
		<KeyWord name="pre_reformed" />
		<KeyWord name="priest" />
		<KeyWord name="priests_can_inherit" />
		<KeyWord name="priests_can_marry" />
		<KeyWord name="priest_title" />
		<KeyWord name="primary" />
		<KeyWord name="primary_title" />
		<KeyWord name="primogeniture" />
		<KeyWord name="priority" />
		<KeyWord name="prisoner" />
		<KeyWord name="prison_reason" />
		<KeyWord name="properties" />
		<KeyWord name="province" />
		<KeyWord name="province_capital" />
		<KeyWord name="province_event" />
		<KeyWord name="province_id" />
		<KeyWord name="psc_marriage" />
		<KeyWord name="purple_born_heirs" />
		<KeyWord name="pursue" />
		<KeyWord name="raised_vassal_opinion_loss" />
		<KeyWord name="random" />
		<KeyWord name="random_allied_character" />
		<KeyWord name="random_army" />
		<KeyWord name="random_backed_character" />
		<KeyWord name="random_character" />
		<KeyWord name="random_child" />
		<KeyWord name="random_child_even_if_dead" />
		<KeyWord name="random_claim" />
		<KeyWord name="random_consort" />
		<KeyWord name="random_courtier" />
		<KeyWord name="random_current_enemy" />
		<KeyWord name="random_demesne_province" />
		<KeyWord name="random_demesne_title" />
		<KeyWord name="random_dynasty_member" />
		<KeyWord name="random_dynasty_member_even_if_dead" />
		<KeyWord name="random_enemy_plotter" />
		<KeyWord name="random_events" />
		<KeyWord name="random_fleet" />
		<KeyWord name="random_friend" />
		<KeyWord name="random_independent_ruler" />
		<KeyWord name="random_known_enemy_plotter" />
		<KeyWord name="random_landed_title" />
		<KeyWord name="random_list" />
		<KeyWord name="random_lover" />
		<KeyWord name="random_neighbor_province" />
		<KeyWord name="random_opinion_modifier_target" />
		<KeyWord name="random_playable_ruler" />
		<KeyWord name="random_potential_tribal_county" />
		<KeyWord name="random_province" />
		<KeyWord name="random_province_character" />
		<KeyWord name="random_province_holding" />
		<KeyWord name="random_province_lord" />
		<KeyWord name="random_realm_character" />
		<KeyWord name="random_realm_lord" />
		<KeyWord name="random_realm_province" />
		<KeyWord name="random_realm_title" />
		<KeyWord name="random_rival" />
		<KeyWord name="random_sibling" />
		<KeyWord name="random_sibling_even_if_dead" />
		<KeyWord name="random_spouse" />
		<KeyWord name="random_spouse_even_if_dead" />
		<KeyWord name="random_trade_post" />
		<KeyWord name="random_traits" />
		<KeyWord name="random_unit" />
		<KeyWord name="random_unknown_enemy_plotter" />
		<KeyWord name="random_vassal" />
		<KeyWord name="random_voter" />
		<KeyWord name="random_ward" />
		<KeyWord name="ransom_character_interaction_accept_event" />
		<KeyWord name="ransom_character_interaction_decline_event" />
		<KeyWord name="realm" />
		<KeyWord name="realm_characters" />
		<KeyWord name="realm_characters_plus" />
		<KeyWord name="realm_diplomacy" />
		<KeyWord name="realm_intrigue" />
		<KeyWord name="realm_in_name" />
		<KeyWord name="realm_learning" />
		<KeyWord name="realm_levies" />
		<KeyWord name="realm_levy_diff" />
		<KeyWord name="realm_martial" />
		<KeyWord name="realm_size" />
		<KeyWord name="realm_stewardship" />
		<KeyWord name="realm_titles" />
		<KeyWord name="real_father" />
		<KeyWord name="real_father_even_if_dead" />
		<KeyWord name="real_month_of_year" />
		<KeyWord name="real_tier" />
		<KeyWord name="rebel" />
		<KeyWord name="rebel_defection" />
		<KeyWord name="rebel_inherited" />
		<KeyWord name="recalc_succession" />
		<KeyWord name="recipient" />
		<KeyWord name="reduce_disease" />
		<KeyWord name="refill_holding_levy" />
		<KeyWord name="reflect_titleholder_change" />
		<KeyWord name="reformed" />
		<KeyWord name="reformer_head_of_religion" />
		<KeyWord name="regent" />
		<KeyWord name="regiment_reinforcement_speed" />
		<KeyWord name="region" />
		<KeyWord name="reincarnation_scope" />
		<KeyWord name="relative_income" />
		<KeyWord name="relative_income_to_liege" />
		<KeyWord name="relative_power" />
		<KeyWord name="relative_power_including_allies_attacker" />
		<KeyWord name="relative_power_including_allies_defender" />
		<KeyWord name="relative_power_to_liege" />
		<KeyWord name="religion" />
		<KeyWord name="religion_allows_female_temple_holders" />
		<KeyWord name="religion_authority" />
		<KeyWord name="religion_flex" />
		<KeyWord name="religion_group" />
		<KeyWord name="religion_head" />
		<KeyWord name="religious" />
		<KeyWord name="religious_branch" />
		<KeyWord name="religious_clothing_head" />
		<KeyWord name="religious_clothing_priest" />
		<KeyWord name="religious_enemy" />
		<KeyWord name="rel_head_loyalist" />
		<KeyWord name="rel_head_opinion" />
		<KeyWord name="remove_building" />
		<KeyWord name="remove_character_modifier" />
		<KeyWord name="remove_claim" />
		<KeyWord name="remove_consort" />
		<KeyWord name="remove_friend" />
		<KeyWord name="remove_guardian" />
		<KeyWord name="remove_holding_modifier" />
		<KeyWord name="remove_lover" />
		<KeyWord name="remove_nickname" />
		<KeyWord name="remove_opinion" />
		<KeyWord name="remove_province_modifier" />
		<KeyWord name="remove_rival" />
		<KeyWord name="remove_settlement" />
		<KeyWord name="remove_special_character_title" />
		<KeyWord name="remove_spouse" />
		<KeyWord name="remove_title" />
		<KeyWord name="remove_trait" />
		<KeyWord name="remove_tributary" />
		<KeyWord name="rem_attacker" />
		<KeyWord name="rem_defender" />
		<KeyWord name="repeat_event" />
		<KeyWord name="replaces" />
		<KeyWord name="republic_total_num_of_trade_posts" />
		<KeyWord name="rep_trade_posts" />
		<KeyWord name="reset_adjective" />
		<KeyWord name="reset_coa" />
		<KeyWord name="reset_name" />
		<KeyWord name="retinuesize" />
		<KeyWord name="retinuesize_perc" />
		<KeyWord name="retract_vassal_interaction_accept_event" />
		<KeyWord name="retract_vassal_interaction_decline_event" />
		<KeyWord name="retreat" />
		<KeyWord name="reveal_plot" />
		<KeyWord name="reveal_plot_w_message" />
		<KeyWord name="reverse_banish" />
		<KeyWord name="reverse_clan_opinion" />
		<KeyWord name="reverse_culture" />
		<KeyWord name="reverse_demand" />
		<KeyWord name="reverse_has_cb" />
		<KeyWord name="reverse_has_opinion_modifier" />
		<KeyWord name="reverse_has_truce" />
		<KeyWord name="reverse_imprison" />
		<KeyWord name="reverse_max_realm_levy_diff" />
		<KeyWord name="reverse_opinion" />
		<KeyWord name="reverse_personal_opinion" />
		<KeyWord name="reverse_personal_opinion_diff" />
		<KeyWord name="reverse_realm_levy_diff" />
		<KeyWord name="reverse_religion" />
		<KeyWord name="reverse_remove_opinion" />
		<KeyWord name="reverse_war" />
		<KeyWord name="revoke_allowed" />
		<KeyWord name="revoke_capital_holding" />
		<KeyWord name="revoke_law" />
		<KeyWord name="revoke_reason" />
		<KeyWord name="revoke_title_interaction" />
		<KeyWord name="revoke_title_interaction_accept_event" />
		<KeyWord name="revoke_title_interaction_decline_event" />
		<KeyWord name="revolt_risk" />
		<KeyWord name="rightful_religious_head" />
		<KeyWord name="rightful_religious_head_scope" />
		<KeyWord name="risks_minor_clan_rising" />
		<KeyWord name="root" />
		<KeyWord name="ruled_years" />
		<KeyWord name="ruler" />
		<KeyWord name="ruler_designer_cost" />
		<KeyWord name="same_guardian" />
		<KeyWord name="same_liege" />
		<KeyWord name="same_opinion" />
		<KeyWord name="same_opinion_if_same_religion" />
		<KeyWord name="same_realm" />
		<KeyWord name="same_religion" />
		<KeyWord name="same_religion_opinion" />
		<KeyWord name="same_sex" />
		<KeyWord name="save_event_target_as" />
		<KeyWord name="save_global_event_target_as" />
		<KeyWord name="scaled_by_biggest_garrison" />
		<KeyWord name="scaled_wealth" />
		<KeyWord name="score" />
		<KeyWord name="scouting" />
		<KeyWord name="scripture_name" />
		<KeyWord name="sea_zone" />
		<KeyWord name="second" />
		<KeyWord name="secondary_event_pictures" />
		<KeyWord name="second_amount" />
		<KeyWord name="second_graphical_culture" />
		<KeyWord name="second_type" />
		<KeyWord name="sectarianism" />
		<KeyWord name="seize_trade_post" />
		<KeyWord name="selectable_character" />
		<KeyWord name="selection" />
		<KeyWord name="send_assassin" />
		<KeyWord name="send_gift_interaction_accept_event" />
		<KeyWord name="send_gift_interaction_decline_event" />
		<KeyWord name="seniority" />
		<KeyWord name="set_allow_free_duchy_revokation" />
		<KeyWord name="set_allow_free_infidel_revokation" />
		<KeyWord name="set_allow_free_revokation" />
		<KeyWord name="set_allow_free_vice_royalty_revokation" />
		<KeyWord name="set_allow_title_revokation" />
		<KeyWord name="set_allow_vice_royalties" />
		<KeyWord name="set_appoint_generals" />
		<KeyWord name="set_appoint_regents" />
		<KeyWord name="set_can_toggle_looting" />
		<KeyWord name="set_character_flag" />
		<KeyWord name="set_coa" />
		<KeyWord name="set_defacto_liege" />
		<KeyWord name="set_defacto_vassal" />
		<KeyWord name="set_dynasty_flag" />
		<KeyWord name="set_father" />
		<KeyWord name="set_focus" />
		<KeyWord name="set_global_flag" />
		<KeyWord name="set_government_type" />
		<KeyWord name="set_graphical_culture" />
		<KeyWord name="set_guardian" />
		<KeyWord name="set_investiture" />
		<KeyWord name="set_job_action" />
		<KeyWord name="set_looting" />
		<KeyWord name="set_mother" />
		<KeyWord name="set_name" />
		<KeyWord name="set_opinion_levy_raised_days" />
		<KeyWord name="set_parent_religion" />
		<KeyWord name="set_protected_inheritance" />
		<KeyWord name="set_province_flag" />
		<KeyWord name="set_real_father" />
		<KeyWord name="set_reincarnation" />
		<KeyWord name="set_special_character_title" />
		<KeyWord name="set_the_kings_full_peace" />
		<KeyWord name="set_the_kings_peace" />
		<KeyWord name="set_title_adventurer" />
		<KeyWord name="set_title_flag" />
		<KeyWord name="set_title_landless" />
		<KeyWord name="set_title_nomad" />
		<KeyWord name="set_tribal_vassal_levy_control" />
		<KeyWord name="set_tribal_vassal_tax_income" />
		<KeyWord name="set_variable" />
		<KeyWord name="sex_appeal_opinion" />
		<KeyWord name="short_name" />
		<KeyWord name="short_reign_length" />
		<KeyWord name="short_reign_opinion_year_mult" />
		<KeyWord name="show_as_title" />
		<KeyWord name="show_from_from" />
		<KeyWord name="show_root" />
		<KeyWord name="sibling" />
		<KeyWord name="siege" />
		<KeyWord name="siege_defence" />
		<KeyWord name="siege_speed" />
		<KeyWord name="skin_tone" />
		<KeyWord name="skirmish" />
		<KeyWord name="sound" />
		<KeyWord name="spawn_fleet" />
		<KeyWord name="spawn_unit" />
		<KeyWord name="special_troops" />
		<KeyWord name="speed" />
		<KeyWord name="spouse" />
		<KeyWord name="spouse_context" />
		<KeyWord name="spouse_even_if_dead" />
		<KeyWord name="spouse_opinion" />
		<KeyWord name="sprite" />
		<KeyWord name="stand_fast" />
		<KeyWord name="start" />
		<KeyWord name="start_date" />
		<KeyWord name="status" />
		<KeyWord name="steal_population_scaled" />
		<KeyWord name="steal_random_tech" />
		<KeyWord name="stewardship" />
		<KeyWord name="stop_backing_ambition_interaction_accept_event" />
		<KeyWord name="stop_backing_ambition_interaction_decline_event" />
		<KeyWord name="stored_token_trigger" />
		<KeyWord name="strength_growth_per_century" />
		<KeyWord name="strong" />
		<KeyWord name="subjugate_or_take_under_title" />
		<KeyWord name="subtract_variable" />
		<KeyWord name="success" />
		<KeyWord name="succession" />
		<KeyWord name="succession_laws" />
		<KeyWord name="succession_w_cooldown" />
		<KeyWord name="success_effect" />
		<KeyWord name="success_trigger" />
		<KeyWord name="succ_law_title" />
		<KeyWord name="supply_limit" />
		<KeyWord name="supported_claimant" />
		<KeyWord name="supported_claimant_title" />
		<KeyWord name="suzerain" />
		<KeyWord name="swarm" />
		<KeyWord name="tanistry" />
		<KeyWord name="target" />
		<KeyWord name="tax_income" />
		<KeyWord name="technology_can_spread" />
		<KeyWord name="tech_growth_modifier" />
		<KeyWord name="tech_growth_modifier_culture" />
		<KeyWord name="tech_growth_modifier_economy" />
		<KeyWord name="tech_growth_modifier_military" />
		<KeyWord name="tech_noble_customs" />
		<KeyWord name="template" />
		<KeyWord name="temple" />
		<KeyWord name="temple_all_opinion" />
		<KeyWord name="temple_levy_size" />
		<KeyWord name="temple_opinion" />
		<KeyWord name="temple_tax_modifier" />
		<KeyWord name="temple_vassal_max_levy" />
		<KeyWord name="temple_vassal_min_levy" />
		<KeyWord name="temple_vassal_tax_modifier" />
		<KeyWord name="temporary" />
		<KeyWord name="terrain" />
		<KeyWord name="text" />
		<KeyWord name="texture" />
		<KeyWord name="texture_internal" />
		<KeyWord name="than" />
		<KeyWord name="their_opinion" />
		<KeyWord name="thirdparty" />
		<KeyWord name="thirdparty_title" />
		<KeyWord name="thirdparty_title_scope" />
		<KeyWord name="this" />
		<KeyWord name="ticking_war_score_multiplier" />
		<KeyWord name="tier" />
		<KeyWord name="timeperiod" />
		<KeyWord name="title" />
		<KeyWord name="title_female" />
		<KeyWord name="title_prefix" />
		<KeyWord name="title_to_get_rid_of" />
		<KeyWord name="to" />
		<KeyWord name="tooltip" />
		<KeyWord name="tooltip_info" />
		<KeyWord name="top_de_jure_capital" />
		<KeyWord name="top_liege" />
		<KeyWord name="total_claims" />
		<KeyWord name="town_opinion" />
		<KeyWord name="tradevalue" />
		<KeyWord name="tradevalue_mult" />
		<KeyWord name="trade_post" />
		<KeyWord name="trade_post_has_any_building" />
		<KeyWord name="trade_post_has_building" />
		<KeyWord name="trade_post_owner" />
		<KeyWord name="trade_route" />
		<KeyWord name="trait" />
		<KeyWord name="transfer_scaled_wealth" />
		<KeyWord name="treasury" />
		<KeyWord name="tribe" />
		<KeyWord name="trigger" />
		<KeyWord name="trigger_switch" />
		<KeyWord name="troops" />
		<KeyWord name="truce_days" />
		<KeyWord name="true_cognatic" />
		<KeyWord name="turkish_succession" />
		<KeyWord name="twin_opinion" />
		<KeyWord name="type" />
		<KeyWord name="ultimogeniture" />
		<KeyWord name="unit_event" />
		<KeyWord name="unit_home_modifier" />
		<KeyWord name="unit_modifier" />
		<KeyWord name="unsafe_destroy_landed_title" />
		<KeyWord name="unsafe_religion" />
		<KeyWord name="unused_manpower" />
		<KeyWord name="upgrades_from" />
		<KeyWord name="used_for_random" />
		<KeyWord name="uses_decadence" />
		<KeyWord name="using_cb" />
		<KeyWord name="usurp_title" />
		<KeyWord name="usurp_title_only" />
		<KeyWord name="usurp_title_plus_barony_if_unlanded" />
		<KeyWord name="usurp_title_plus_barony_if_unlanded_and_vassals" />
		<KeyWord name="usurp_title_plus_barony_if_unlanded_and_vassals_no_adj" />
		<KeyWord name="value" />
		<KeyWord name="vassalize_or_take_under_title" />
		<KeyWord name="vassalize_or_take_under_title_destroy_duchies" />
		<KeyWord name="vassal_decisions" />
		<KeyWord name="vassal_intrigue_plot" />
		<KeyWord name="vassal_of" />
		<KeyWord name="vassal_opinion" />
		<KeyWord name="vassal_rank_plot" />
		<KeyWord name="vassal_titles" />
		<KeyWord name="volley" />
		<KeyWord name="voting_patterns" />
		<KeyWord name="war" />
		<KeyWord name="war_name" />
		<KeyWord name="war_score" />
		<KeyWord name="war_target" />
		<KeyWord name="war_title" />
		<KeyWord name="war_with" />
		<KeyWord name="was_conceived_a_bastard" />
		<KeyWord name="wealth" />
		<KeyWord name="weight_multiplier" />
		<KeyWord name="where" />
		<KeyWord name="which" />
		<KeyWord name="whitepeace" />
		<KeyWord name="who" />
		<KeyWord name="will_liege_enforce_peace" />
		<KeyWord name="window" />
		<KeyWord name="would_be_heir_under_law" />
		<KeyWord name="year" />
		<KeyWord name="yearly_income" />
		<KeyWord name="years" />
		<KeyWord name="yes" />
		<KeyWord name="youngest_child_opinion" />
		<KeyWord name="zoroastrian_opinion" />
	</AutoComplete>
</NotepadPlus>