<NotepadPlus>
    <UserLang name="CK2" ext="pdox csv txt gfx gui" udlVersion="2.1">
        <Settings>
            <Global caseIgnored="yes" allowFoldOfComments="yes" foldCompact="no" forcePureLC="0" decimalSeparator="0" />
            <Prefix Keywords1="no" Keywords2="no" Keywords3="no" Keywords4="no" Keywords5="no" Keywords6="no" Keywords7="no" Keywords8="no" />
        </Settings>
        <KeywordLists>
            <Keywords name="Comments">00# 01 02 03 04</Keywords>
            <Keywords name="Numbers, prefix1"></Keywords>
            <Keywords name="Numbers, prefix2"></Keywords>
            <Keywords name="Numbers, extras1"></Keywords>
            <Keywords name="Numbers, extras2"></Keywords>
            <Keywords name="Numbers, suffix1"></Keywords>
            <Keywords name="Numbers, suffix2"></Keywords>
            <Keywords name="Numbers, range"></Keywords>
            <Keywords name="Operators1"></Keywords>
            <Keywords name="Operators2"></Keywords>
            <Keywords name="Folders in code1, open">{</Keywords>
            <Keywords name="Folders in code1, middle"></Keywords>
            <Keywords name="Folders in code1, close">}</Keywords>
            <Keywords name="Folders in code2, open"></Keywords>
            <Keywords name="Folders in code2, middle"></Keywords>
            <Keywords name="Folders in code2, close"></Keywords>
            <Keywords name="Folders in comment, open">!</Keywords>
            <Keywords name="Folders in comment, middle"></Keywords>
            <Keywords name="Folders in comment, close">!!</Keywords>
            <Keywords name="Keywords1">ABANDON_AMBITION_INTERACTION_ACCEPT_EVENT&#x000D;&#x000A;ABANDON_AMBITION_INTERACTION_DECLINE_EVENT&#x000D;&#x000A;abort&#x000D;&#x000A;abort_effect&#x000D;&#x000A;action&#x000D;&#x000A;active&#x000D;&#x000A;actor&#x000D;&#x000A;additive_compared_realm_size_modifier&#x000D;&#x000A;additive_multiplier&#x000D;&#x000A;additive_opinion_modifier&#x000D;&#x000A;additive_power_diff_modifier&#x000D;&#x000A;additive_realm_size_modifier&#x000D;&#x000A;add_attacker&#x000D;&#x000A;add_defender&#x000D;&#x000A;adjective&#x000D;&#x000A;advance&#x000D;&#x000A;aggression&#x000D;&#x000A;agnatic&#x000D;&#x000A;ai_ambition&#x000D;&#x000A;ai_capital_kingdom_focus&#x000D;&#x000A;ai_chance&#x000D;&#x000A;ai_convert_other_group&#x000D;&#x000A;ai_convert_same_group&#x000D;&#x000A;ai_creation_factor&#x000D;&#x000A;ai_greed&#x000D;&#x000A;ai_honor&#x000D;&#x000A;ai_peaceful&#x000D;&#x000A;ai_rationality&#x000D;&#x000A;ai_will_do&#x000D;&#x000A;ai_will_revoke&#x000D;&#x000A;ai_zeal&#x000D;&#x000A;allow&#x000D;&#x000A;allowed_to_target_suzerains&#x000D;&#x000A;allowed_to_target_tributaries&#x000D;&#x000A;allow_distant&#x000D;&#x000A;allow_join&#x000D;&#x000A;allow_looting&#x000D;&#x000A;allow_rivermovement&#x000D;&#x000A;allow_viking_invasion&#x000D;&#x000A;allow_whitepeace&#x000D;&#x000A;always_get_message&#x000D;&#x000A;ambition_opinion&#x000D;&#x000A;ambition_succeeds&#x000D;&#x000A;anchor&#x000D;&#x000A;AND&#x000D;&#x000A;any&#x000D;&#x000A;apply_short_occ_mod&#x000D;&#x000A;appointment&#x000D;&#x000A;APPOINT_TO_OFFICE_INTERACTION_ACCEPT_EVENT&#x000D;&#x000A;APPOINT_TO_OFFICE_INTERACTION_DECLINE_EVENT&#x000D;&#x000A;archers&#x000D;&#x000A;ARCHERS_DEFENSIVE&#x000D;&#x000A;archers_max_levy&#x000D;&#x000A;archers_min_levy&#x000D;&#x000A;archers_morale&#x000D;&#x000A;archers_offensive&#x000D;&#x000A;ARRANGE_BETROTHAL_INTERACTION_ACCEPT_EVENT&#x000D;&#x000A;ARRANGE_BETROTHAL_INTERACTION_DECLINE_EVENT&#x000D;&#x000A;ARRANGE_SUCC_BETROTHAL_INTERACTION_ACCEPT_EVENT&#x000D;&#x000A;ARRANGE_SUCC_BETROTHAL_INTERACTION_DECLINE_EVENT&#x000D;&#x000A;arrest_chance_modifier&#x000D;&#x000A;ASK_FOR_DIVORCE_INTERACTION_ACCEPT_EVENT&#x000D;&#x000A;ASK_FOR_DIVORCE_INTERACTION_DECLINE_EVENT&#x000D;&#x000A;ASK_FOR_EXCOMMUNICATION_INTERACTION_ACCEPT_EVENT&#x000D;&#x000A;ASK_FOR_EXCOMMUNICATION_INTERACTION_DECLINE_EVENT&#x000D;&#x000A;ASK_FOR_INVASION_INTERACTION_ACCEPT_EVENT&#x000D;&#x000A;ASK_FOR_INVASION_INTERACTION_DECLINE_EVENT&#x000D;&#x000A;ASK_FOR_VASSALIZATION_INTERACTION_ACCEPT_EVENT&#x000D;&#x000A;ASK_FOR_VASSALIZATION_INTERACTION_DECLINE_EVENT&#x000D;&#x000A;ASK_TO_EMBARGO_INTERACTION_ACCEPT_EVENT&#x000D;&#x000A;ASK_TO_EMBARGO_INTERACTION_DECLINE_EVENT&#x000D;&#x000A;ASK_TO_JOIN_WAR_INTERACTION_ACCEPT_EVENT&#x000D;&#x000A;ASK_TO_JOIN_WAR_INTERACTION_DECLINE_EVENT&#x000D;&#x000A;ASK_TO_LIFT_EXCOMMUNICATION_INTERACTION_ACCEPT_EVENT&#x000D;&#x000A;ASK_TO_LIFT_EXCOMMUNICATION_INTERACTION_DECLINE_EVENT&#x000D;&#x000A;ASK_TO_RANSOM_CHARACTER_INTERACTION_ACCEPT_EVENT&#x000D;&#x000A;ASK_TO_RANSOM_CHARACTER_INTERACTION_DECLINE_EVENT&#x000D;&#x000A;assassinate_chance_modifier&#x000D;&#x000A;assimilate&#x000D;&#x000A;as_if_liege&#x000D;&#x000A;attacker_ai_defeat_worth&#x000D;&#x000A;attacker_ai_victory_worth&#x000D;&#x000A;attacker_alliance_occ_warscore&#x000D;&#x000A;attacker_can_call_allies&#x000D;&#x000A;attribute&#x000D;&#x000A;attributes&#x000D;&#x000A;attrition&#x000D;&#x000A;authority&#x000D;&#x000A;autocephaly&#x000D;&#x000A;auto_add_at_year&#x000D;&#x000A;banish_reason&#x000D;&#x000A;baron&#x000D;&#x000A;baron_titles_hidden&#x000D;&#x000A;base_health&#x000D;&#x000A;base_type&#x000D;&#x000A;bastard_dynasty_prefix&#x000D;&#x000A;battle_warscore_mult&#x000D;&#x000A;birth&#x000D;&#x000A;blinding&#x000D;&#x000A;bookmark&#x000D;&#x000A;border&#x000D;&#x000A;bottleneck_chance&#x000D;&#x000A;bs_marriage&#x000D;&#x000A;build_cost&#x000D;&#x000A;build_cost_modifier&#x000D;&#x000A;build_time&#x000D;&#x000A;build_time_modifier&#x000D;&#x000A;cached&#x000D;&#x000A;calc_true_if&#x000D;&#x000A;caliphate&#x000D;&#x000A;CALL_ALLY_INTERACTION_ACCEPT_EVENT&#x000D;&#x000A;CALL_ALLY_INTERACTION_DECLINE_EVENT&#x000D;&#x000A;cancel_on_leader_death&#x000D;&#x000A;cannot_inherit&#x000D;&#x000A;cannot_marry&#x000D;&#x000A;can_appear&#x000D;&#x000A;can_ask_to_join_war&#x000D;&#x000A;can_attack_vassals&#x000D;&#x000A;can_call_allies&#x000D;&#x000A;can_call_crusade&#x000D;&#x000A;can_call_vassals&#x000D;&#x000A;can_cancel&#x000D;&#x000A;can_elect_head&#x000D;&#x000A;can_excommunicate&#x000D;&#x000A;can_grant_claim&#x000D;&#x000A;can_grant_divorce&#x000D;&#x000A;can_grant_invasion_cb&#x000D;&#x000A;can_have_antipopes&#x000D;&#x000A;can_hold_temples&#x000D;&#x000A;can_retire_to_monastery&#x000D;&#x000A;can_use&#x000D;&#x000A;can_use_gui&#x000D;&#x000A;can_use_title&#x000D;&#x000A;capital&#x000D;&#x000A;caste_tier&#x000D;&#x000A;castle&#x000D;&#x000A;castle_levy_size&#x000D;&#x000A;CASTLE_OPINION&#x000D;&#x000A;CASTLE_TAX_MODIFIER&#x000D;&#x000A;castle_vassal_max_levy&#x000D;&#x000A;castle_vassal_min_levy&#x000D;&#x000A;castle_vassal_tax_modifier&#x000D;&#x000A;casus_belli&#x000D;&#x000A;catholic_bishopric&#x000D;&#x000A;cavalry&#x000D;&#x000A;center&#x000D;&#x000A;chance&#x000D;&#x000A;character_modifier&#x000D;&#x000A;charge&#x000D;&#x000A;chargelight_infantry_offensive&#x000D;&#x000A;chargetroops&#x000D;&#x000A;check_actor_direct_vassals&#x000D;&#x000A;check_all_titles&#x000D;&#x000A;check_all_trade_posts&#x000D;&#x000A;check_dejure_duchies&#x000D;&#x000A;check_de_jure_tier&#x000D;&#x000A;child_opinion&#x000D;&#x000A;christian_church_opinion&#x000D;&#x000A;church_opinion&#x000D;&#x000A;city&#x000D;&#x000A;city_levy_size&#x000D;&#x000A;city_opinion&#x000D;&#x000A;city_tax_modifier&#x000D;&#x000A;city_vassal_max_levy&#x000D;&#x000A;city_vassal_min_levy&#x000D;&#x000A;city_vassal_tax_modifier&#x000D;&#x000A;clan_opinion&#x000D;&#x000A;closest&#x000D;&#x000A;coat_of_arms&#x000D;&#x000A;cognatic&#x000D;&#x000A;color&#x000D;&#x000A;color2&#x000D;&#x000A;command_modifier&#x000D;&#x000A;congenital&#x000D;&#x000A;contagiousness&#x000D;&#x000A;cost&#x000D;&#x000A;counts_as_purple_born&#x000D;&#x000A;count_titles_hidden&#x000D;&#x000A;creation_effect&#x000D;&#x000A;creation_requires_capital&#x000D;&#x000A;creation_trigger&#x000D;&#x000A;crusade_cb&#x000D;&#x000A;crusade_name&#x000D;&#x000A;CULTURE_FLEX&#x000D;&#x000A;customizer&#x000D;&#x000A;custom_start&#x000D;&#x000A;custom_tooltip&#x000D;&#x000A;damage&#x000D;&#x000A;data&#x000D;&#x000A;date&#x000D;&#x000A;days&#x000D;&#x000A;death_accident&#x000D;&#x000A;death_battle&#x000D;&#x000A;death_battle_no_killer&#x000D;&#x000A;death_by_nature&#x000D;&#x000A;death_childbirth&#x000D;&#x000A;death_duel&#x000D;&#x000A;death_dungeon&#x000D;&#x000A;death_execution&#x000D;&#x000A;death_hashshashin&#x000D;&#x000A;death_murder&#x000D;&#x000A;death_murder_unknown&#x000D;&#x000A;death_natural&#x000D;&#x000A;death_rabble&#x000D;&#x000A;death_reason&#x000D;&#x000A;death_sacrificed&#x000D;&#x000A;death_suicide&#x000D;&#x000A;death_trait&#x000D;&#x000A;decisions&#x000D;&#x000A;declare_war_interaction&#x000D;&#x000A;DECLARE_WAR_INTERACTION_ACCEPT_EVENT&#x000D;&#x000A;default&#x000D;&#x000A;default_selection&#x000D;&#x000A;defence&#x000D;&#x000A;defender_ai_defeat_worth&#x000D;&#x000A;defender_ai_victory_worth&#x000D;&#x000A;defender_can_call_allies&#x000D;&#x000A;defensive&#x000D;&#x000A;defensive_attrition&#x000D;&#x000A;DEMAND_RELIGIOUS_CONVERSION_INTERACTION_ACCEPT_EVENT&#x000D;&#x000A;DEMAND_RELIGIOUS_CONVERSION_INTERACTION_DECLINE_EVENT&#x000D;&#x000A;desc&#x000D;&#x000A;de_jure_laws&#x000D;&#x000A;difficulty&#x000D;&#x000A;dignity&#x000D;&#x000A;diplomatic_immunity&#x000D;&#x000A;diploresponse_event&#x000D;&#x000A;disband_on_peace&#x000D;&#x000A;disease_defence&#x000D;&#x000A;disinherit_from_blinding&#x000D;&#x000A;dismiss_trigger&#x000D;&#x000A;divine_blood&#x000D;&#x000A;dna&#x000D;&#x000A;duchy_revokation&#x000D;&#x000A;duke&#x000D;&#x000A;dukes_called_kings&#x000D;&#x000A;duration&#x000D;&#x000A;dynasty_decisions&#x000D;&#x000A;dynasty_opinion&#x000D;&#x000A;dynasty_title_names&#x000D;&#x000A;earmark&#x000D;&#x000A;economy&#x000D;&#x000A;EDUCATE_CHARACTER_INTERACTION_ACCEPT_EVENT&#x000D;&#x000A;EDUCATE_CHARACTER_INTERACTION_DECLINE_EVENT&#x000D;&#x000A;education&#x000D;&#x000A;effect&#x000D;&#x000A;embargo&#x000D;&#x000A;emblem&#x000D;&#x000A;emperor&#x000D;&#x000A;enatic&#x000D;&#x000A;enatic_cognatic&#x000D;&#x000A;end_date&#x000D;&#x000A;enforce_peace&#x000D;&#x000A;era&#x000D;&#x000A;events&#x000D;&#x000A;evil_god_names&#x000D;&#x000A;exclusive&#x000D;&#x000A;execute_imprisoned_interaction&#x000D;&#x000A;execute_reason&#x000D;&#x000A;exile_imprisoned_interaction&#x000D;&#x000A;expectation_of_liege&#x000D;&#x000A;expel_modifier&#x000D;&#x000A;extra_tech_building_start&#x000D;&#x000A;faction&#x000D;&#x000A;factor&#x000D;&#x000A;father_name_chance&#x000D;&#x000A;female&#x000D;&#x000A;female_dynasty_opinion&#x000D;&#x000A;female_names&#x000D;&#x000A;female_patronym&#x000D;&#x000A;female_temple_holders&#x000D;&#x000A;feminist&#x000D;&#x000A;feudal_elective&#x000D;&#x000A;feudal_opinion&#x000D;&#x000A;first&#x000D;&#x000A;first_amount&#x000D;&#x000A;first_type&#x000D;&#x000A;flag&#x000D;&#x000A;flank&#x000D;&#x000A;foa&#x000D;&#x000A;forced_coa_religiongroup&#x000D;&#x000A;fort_level&#x000D;&#x000A;founder_named_dynasties&#x000D;&#x000A;free_invest_vassal_opinion&#x000D;&#x000A;free_levies_in_offensive_war&#x000D;&#x000A;from_dynasty_prefix&#x000D;&#x000A;from_dynasty_suffix&#x000D;&#x000A;from_potential&#x000D;&#x000A;from_ruler_dynasty&#x000D;&#x000A;gain_effect&#x000D;&#x000A;galleys&#x000D;&#x000A;GALLEYS_PERC&#x000D;&#x000A;garrison_growth&#x000D;&#x000A;garrison_size&#x000D;&#x000A;gavelkind&#x000D;&#x000A;gender_laws&#x000D;&#x000A;general_opinion&#x000D;&#x000A;global_defensive&#x000D;&#x000A;global_revolt_risk&#x000D;&#x000A;GLOBAL_SUPPLY_LIMIT&#x000D;&#x000A;global_tax_modifier&#x000D;&#x000A;god_names&#x000D;&#x000A;grammar_transform&#x000D;&#x000A;grant_landed_title_interaction&#x000D;&#x000A;GRANT_LANDED_TITLE_INTERACTION_ACCEPT_EVENT&#x000D;&#x000A;GRANT_LANDED_TITLE_INTERACTION_DECLINE_EVENT&#x000D;&#x000A;grant_limit&#x000D;&#x000A;graphical_unit_culture&#x000D;&#x000A;group&#x000D;&#x000A;happened&#x000D;&#x000A;harass&#x000D;&#x000A;has_coa_on_barony_only&#x000D;&#x000A;has_heir_designation&#x000D;&#x000A;has_top_de_jure_capital&#x000D;&#x000A;head&#x000D;&#x000A;heavy_cavalry&#x000D;&#x000A;heavy_infantry&#x000D;&#x000A;heavy_infantry_defensive&#x000D;&#x000A;heavy_infantry_max_levy&#x000D;&#x000A;heavy_infantry_min_levy&#x000D;&#x000A;heavy_infantry_morale&#x000D;&#x000A;heavy_infantry_offensive&#x000D;&#x000A;heavy_troops&#x000D;&#x000A;held_title_rating&#x000D;&#x000A;heresy_icon&#x000D;&#x000A;hidden&#x000D;&#x000A;hidden_tooltip&#x000D;&#x000A;hide_from&#x000D;&#x000A;hide_new&#x000D;&#x000A;hide_window&#x000D;&#x000A;holder&#x000D;&#x000A;holding_dynasty&#x000D;&#x000A;holding_type&#x000D;&#x000A;holy_site&#x000D;&#x000A;home&#x000D;&#x000A;horde&#x000D;&#x000A;horse_archers&#x000D;&#x000A;horse_archers_defensive&#x000D;&#x000A;horse_archers_max_levy&#x000D;&#x000A;horse_archers_min_levy&#x000D;&#x000A;horse_archers_morale&#x000D;&#x000A;horse_archers_offensive&#x000D;&#x000A;hostile_against_others&#x000D;&#x000A;hostile_within_group&#x000D;&#x000A;icon&#x000D;&#x000A;id&#x000D;&#x000A;if&#x000D;&#x000A;ignores_defensive_attrition&#x000D;&#x000A;immediate&#x000D;&#x000A;immortal&#x000D;&#x000A;imprison_character_interaction&#x000D;&#x000A;inbred&#x000D;&#x000A;incapacitating&#x000D;&#x000A;independence_war_score_bonus&#x000D;&#x000A;infamy_modifier&#x000D;&#x000A;infidel_opinion&#x000D;&#x000A;inherit_chance&#x000D;&#x000A;inland_Sea&#x000D;&#x000A;insert_title_history&#x000D;&#x000A;intermarry&#x000D;&#x000A;intrigue_plot&#x000D;&#x000A;invalid&#x000D;&#x000A;investiture&#x000D;&#x000A;INVITE_TO_COURT_INTERACTION_ACCEPT_EVENT&#x000D;&#x000A;INVITE_TO_COURT_INTERACTION_DECLINE_EVENT&#x000D;&#x000A;is_claim_all&#x000D;&#x000A;is_crusade&#x000D;&#x000A;is_epidemic&#x000D;&#x000A;is_flanking&#x000D;&#x000A;is_health&#x000D;&#x000A;is_high_prio&#x000D;&#x000A;is_illness&#x000D;&#x000A;is_independence&#x000D;&#x000A;is_permanent&#x000D;&#x000A;is_revolt_cb&#x000D;&#x000A;is_triggered_only&#x000D;&#x000A;is_valid_title&#x000D;&#x000A;is_valid_viking_invasion_target&#x000D;&#x000A;is_voter&#x000D;&#x000A;is_water&#x000D;&#x000A;JOIN_AMBITION_INTERACTION_ACCEPT_EVENT&#x000D;&#x000A;JOIN_AMBITION_INTERACTION_DECLINE_EVENT&#x000D;&#x000A;key&#x000D;&#x000A;king&#x000D;&#x000A;knights&#x000D;&#x000A;knights_defensive&#x000D;&#x000A;knights_max_levy&#x000D;&#x000A;knights_min_levy&#x000D;&#x000A;knights_morale&#x000D;&#x000A;knights_offensive&#x000D;&#x000A;land&#x000D;&#x000A;landed_title&#x000D;&#x000A;landless&#x000D;&#x000A;land_morale&#x000D;&#x000A;land_organisation&#x000D;&#x000A;last_start_date&#x000D;&#x000A;law&#x000D;&#x000A;laws&#x000D;&#x000A;layer&#x000D;&#x000A;leadership_traits&#x000D;&#x000A;levy_reinforce_rate&#x000D;&#x000A;levy_size&#x000D;&#x000A;liege_opinion&#x000D;&#x000A;liege_piety&#x000D;&#x000A;liege_titles&#x000D;&#x000A;liege_titles_w_claimant&#x000D;&#x000A;lifestyle&#x000D;&#x000A;lift_fow&#x000D;&#x000A;lift_neighbor_fow&#x000D;&#x000A;light_cavalry&#x000D;&#x000A;light_cavalry_defensive&#x000D;&#x000A;light_cavalry_max_levy&#x000D;&#x000A;light_cavalry_min_levy&#x000D;&#x000A;light_cavalry_morale&#x000D;&#x000A;light_cavalry_offensive&#x000D;&#x000A;light_infantry&#x000D;&#x000A;light_infantry_defensive&#x000D;&#x000A;light_infantry_max_levy&#x000D;&#x000A;light_infantry_min_levy&#x000D;&#x000A;light_infantry_morale&#x000D;&#x000A;LIGHT_INFANTRY_OFFENSIVE&#x000D;&#x000A;light_troops&#x000D;&#x000A;limit&#x000D;&#x000A;LOCAL_BUILD_COST_MODIFIER&#x000D;&#x000A;local_build_time_modifier&#x000D;&#x000A;local_revolt_risk&#x000D;&#x000A;local_speed_modifier&#x000D;&#x000A;local_tax_modifier&#x000D;&#x000A;location_ruler_title&#x000D;&#x000A;lose_effect&#x000D;&#x000A;maintenance&#x000D;&#x000A;major&#x000D;&#x000A;major_revolt&#x000D;&#x000A;major_trigger&#x000D;&#x000A;MAKE_CONSORT_INTERACTION_ACCEPT_EVENT&#x000D;&#x000A;MAKE_CONSORT_INTERACTION_DECLINE_EVENT&#x000D;&#x000A;male_dynasty_opinion&#x000D;&#x000A;male_names&#x000D;&#x000A;male_patronym&#x000D;&#x000A;match_character&#x000D;&#x000A;match_max&#x000D;&#x000A;match_min&#x000D;&#x000A;match_mult&#x000D;&#x000A;matrilineal_marriages&#x000D;&#x000A;mat_grf_name_chance&#x000D;&#x000A;mat_grm_name_chance&#x000D;&#x000A;max_attrition&#x000D;&#x000A;max_consorts&#x000D;&#x000A;max_settlements&#x000D;&#x000A;max_tradeposts&#x000D;&#x000A;max_wives&#x000D;&#x000A;mean_time_to_happen&#x000D;&#x000A;melee&#x000D;&#x000A;membership&#x000D;&#x000A;message&#x000D;&#x000A;military&#x000D;&#x000A;military_plot&#x000D;&#x000A;modifier&#x000D;&#x000A;monthly_character_piety&#x000D;&#x000A;monthly_character_prestige&#x000D;&#x000A;monthly_character_wealth&#x000D;&#x000A;monthly_income&#x000D;&#x000A;monthly_piety&#x000D;&#x000A;monthly_prestige&#x000D;&#x000A;monthly_salary&#x000D;&#x000A;months&#x000D;&#x000A;morale&#x000D;&#x000A;morale_defence&#x000D;&#x000A;morale_offence&#x000D;&#x000A;mother_name_chance&#x000D;&#x000A;movement_cost&#x000D;&#x000A;multiplier&#x000D;&#x000A;mult_multiplier&#x000D;&#x000A;murder_plot&#x000D;&#x000A;muslim_opinion&#x000D;&#x000A;name&#x000D;&#x000A;namespace&#x000D;&#x000A;name_tier&#x000D;&#x000A;NAND&#x000D;&#x000A;narrow_flank&#x000D;&#x000A;naval_morale&#x000D;&#x000A;naval_organisation&#x000D;&#x000A;no&#x000D;&#x000A;NONE&#x000D;&#x000A;NOR&#x000D;&#x000A;NOT&#x000D;&#x000A;notification&#x000D;&#x000A;num&#x000D;&#x000A;objective_succeeds&#x000D;&#x000A;OFFER_MARRIGE_INTERACTION_ACCEPT_EVENT&#x000D;&#x000A;OFFER_MARRIGE_INTERACTION_DECLINE_EVENT&#x000D;&#x000A;OFFER_PEACE_INTERACTION_ACCEPT_EVENT&#x000D;&#x000A;OFFER_PEACE_INTERACTION_DECLINE_EVENT&#x000D;&#x000A;OFFER_SUCCESSION_MARRIGE_INTERACTION_ACCEPT_EVENT&#x000D;&#x000A;OFFER_SUCCESSION_MARRIGE_INTERACTION_DECLINE_EVENT&#x000D;&#x000A;OFFER_VASSALIZATION_INTERACTION_ACCEPT_EVENT&#x000D;&#x000A;OFFER_VASSALIZATION_INTERACTION_DECLINE_EVENT&#x000D;&#x000A;oldest_child_opinion&#x000D;&#x000A;one_only&#x000D;&#x000A;on_acquire_nickname&#x000D;&#x000A;on_add&#x000D;&#x000A;on_add_posttitle&#x000D;&#x000A;on_add_title&#x000D;&#x000A;on_approve_de_jure_law&#x000D;&#x000A;on_approve_law&#x000D;&#x000A;on_assassination&#x000D;&#x000A;on_assassination_disc&#x000D;&#x000A;on_attacker_leader_death&#x000D;&#x000A;on_avoided_imprison_fled_country&#x000D;&#x000A;on_avoided_imprison_started_war&#x000D;&#x000A;on_bastard_birth&#x000D;&#x000A;on_bastard_pregnancy&#x000D;&#x000A;on_battle_lost&#x000D;&#x000A;on_battle_lost_leader&#x000D;&#x000A;on_battle_won&#x000D;&#x000A;on_battle_won_leader&#x000D;&#x000A;on_became_imprisoned&#x000D;&#x000A;on_became_imprisoned_any_reason&#x000D;&#x000A;on_birth&#x000D;&#x000A;on_bi_yearly_pulse&#x000D;&#x000A;on_character_convert_culture&#x000D;&#x000A;on_character_convert_religion&#x000D;&#x000A;on_character_event_message&#x000D;&#x000A;on_combat_pulse&#x000D;&#x000A;on_create_title&#x000D;&#x000A;on_crusade_creation&#x000D;&#x000A;on_crusade_failure&#x000D;&#x000A;on_crusade_success&#x000D;&#x000A;on_death&#x000D;&#x000A;on_decade_pulse&#x000D;&#x000A;on_defect_from_rebels&#x000D;&#x000A;on_defect_to_rebels&#x000D;&#x000A;on_defender_leader_death&#x000D;&#x000A;on_divorce&#x000D;&#x000A;on_executed&#x000D;&#x000A;on_exiled&#x000D;&#x000A;on_fail&#x000D;&#x000A;on_failed_assassination&#x000D;&#x000A;on_failed_assassination_disc&#x000D;&#x000A;on_fail_posttitle&#x000D;&#x000A;on_fail_title&#x000D;&#x000A;on_five_year_pulse&#x000D;&#x000A;on_forced_consort&#x000D;&#x000A;on_holy_order_leave&#x000D;&#x000A;on_letter_event_message&#x000D;&#x000A;on_loot_settlement&#x000D;&#x000A;on_marriage&#x000D;&#x000A;on_merc_leave&#x000D;&#x000A;on_merc_rampage&#x000D;&#x000A;on_merc_turn_coat_from&#x000D;&#x000A;on_merc_turn_coat_to&#x000D;&#x000A;on_mission_creation&#x000D;&#x000A;on_mission_failure&#x000D;&#x000A;on_mission_success&#x000D;&#x000A;on_navy_returns_with_loot&#x000D;&#x000A;on_new_holder&#x000D;&#x000A;on_new_holder_inheritance&#x000D;&#x000A;on_new_holder_usurpation&#x000D;&#x000A;on_pregnancy&#x000D;&#x000A;on_prepared_invasion_aborts&#x000D;&#x000A;on_prepared_invasion_expires&#x000D;&#x000A;on_prepared_invasion_monthly&#x000D;&#x000A;on_rebel_revolt&#x000D;&#x000A;on_reform_religion&#x000D;&#x000A;on_released_from_prison&#x000D;&#x000A;on_reverse_demand&#x000D;&#x000A;on_reverse_demand_posttitle&#x000D;&#x000A;on_reverse_demand_title&#x000D;&#x000A;on_settlement_looted&#x000D;&#x000A;on_siege_lost_leader&#x000D;&#x000A;on_siege_over_loc_chars&#x000D;&#x000A;on_siege_over_winner&#x000D;&#x000A;on_siege_pulse&#x000D;&#x000A;on_siege_won_leader&#x000D;&#x000A;on_startup&#x000D;&#x000A;on_success&#x000D;&#x000A;on_success_posttitle&#x000D;&#x000A;on_success_title&#x000D;&#x000A;on_thirdparty_death&#x000D;&#x000A;on_trigger&#x000D;&#x000A;on_warleader_death&#x000D;&#x000A;on_yearly_childhood_pulse&#x000D;&#x000A;on_yearly_pulse&#x000D;&#x000A;open_elective&#x000D;&#x000A;opinion_effect&#x000D;&#x000A;opposites&#x000D;&#x000A;opposite_opinion&#x000D;&#x000A;option&#x000D;&#x000A;or&#x000D;&#x000A;outbreak_chance&#x000D;&#x000A;pacifist&#x000D;&#x000A;papal_succession&#x000D;&#x000A;parent&#x000D;&#x000A;participation_scaled_decadence&#x000D;&#x000A;participation_scaled_piety&#x000D;&#x000A;participation_scaled_prestige&#x000D;&#x000A;pass_effect&#x000D;&#x000A;patrician_elective&#x000D;&#x000A;patrician_heir&#x000D;&#x000A;pattern_type&#x000D;&#x000A;pat_grf_name_chance&#x000D;&#x000A;pat_grm_name_chance&#x000D;&#x000A;pc_marriage&#x000D;&#x000A;peace_piety_gain&#x000D;&#x000A;peace_prestige_loss&#x000D;&#x000A;pentarch&#x000D;&#x000A;pentarchy&#x000D;&#x000A;personality&#x000D;&#x000A;phase&#x000D;&#x000A;phase_melee_attack&#x000D;&#x000A;phase_melee_defense&#x000D;&#x000A;phase_pursue_attack&#x000D;&#x000A;phase_pursue_defense&#x000D;&#x000A;phase_skirmish_attack&#x000D;&#x000A;phase_skirmish_defense&#x000D;&#x000A;picture&#x000D;&#x000A;piety_cost&#x000D;&#x000A;piety_name&#x000D;&#x000A;pikemen&#x000D;&#x000A;pikemen_defensive&#x000D;&#x000A;pikemen_max_levy&#x000D;&#x000A;pikemen_min_levy&#x000D;&#x000A;pikemen_morale&#x000D;&#x000A;pikemen_offensive&#x000D;&#x000A;pilgrimage&#x000D;&#x000A;pirate&#x000D;&#x000A;playable&#x000D;&#x000A;player_allow&#x000D;&#x000A;plotter&#x000D;&#x000A;plot_backers&#x000D;&#x000A;plot_decisions&#x000D;&#x000A;plot_discovery_chance&#x000D;&#x000A;plot_power_contribution&#x000D;&#x000A;plot_succeeds&#x000D;&#x000A;population&#x000D;&#x000A;possible&#x000D;&#x000A;potential&#x000D;&#x000A;potential_creator&#x000D;&#x000A;potential_taker&#x000D;&#x000A;power&#x000D;&#x000A;prefix&#x000D;&#x000A;preparing_to_invade_me&#x000D;&#x000A;prerequisites&#x000D;&#x000A;press_claim&#x000D;&#x000A;prestige_cost&#x000D;&#x000A;prevent_decadence&#x000D;&#x000A;pre_reformed&#x000D;&#x000A;priest&#x000D;&#x000A;priests_can_inherit&#x000D;&#x000A;priests_can_marry&#x000D;&#x000A;priest_title&#x000D;&#x000A;primary&#x000D;&#x000A;primogeniture&#x000D;&#x000A;priority&#x000D;&#x000A;prison_reason&#x000D;&#x000A;properties&#x000D;&#x000A;province_capital&#x000D;&#x000A;psc_marriage&#x000D;&#x000A;purple_born_heirs&#x000D;&#x000A;pursue&#x000D;&#x000A;raised_vassal_opinion_loss&#x000D;&#x000A;random_events&#x000D;&#x000A;random_traits&#x000D;&#x000A;RANSOM_CHARACTER_INTERACTION_ACCEPT_EVENT&#x000D;&#x000A;RANSOM_CHARACTER_INTERACTION_DECLINE_EVENT&#x000D;&#x000A;realm_characters&#x000D;&#x000A;realm_characters_plus&#x000D;&#x000A;realm_in_name&#x000D;&#x000A;realm_titles&#x000D;&#x000A;rebel_inherited&#x000D;&#x000A;recipient&#x000D;&#x000A;refill_holding_levy&#x000D;&#x000A;reflect_titleholder_change&#x000D;&#x000A;reformed&#x000D;&#x000A;reformer_head_of_religion&#x000D;&#x000A;regiment_reinforcement_speed&#x000D;&#x000A;RELIGION_FLEX&#x000D;&#x000A;religious&#x000D;&#x000A;religious_branch&#x000D;&#x000A;religious_clothing_head&#x000D;&#x000A;religious_clothing_priest&#x000D;&#x000A;religious_enemy&#x000D;&#x000A;rel_head_loyalist&#x000D;&#x000A;rel_head_opinion&#x000D;&#x000A;rem_attacker&#x000D;&#x000A;rem_defender&#x000D;&#x000A;replaces&#x000D;&#x000A;rep_trade_posts&#x000D;&#x000A;reset_adjective&#x000D;&#x000A;reset_name&#x000D;&#x000A;retinuesize&#x000D;&#x000A;retinuesize_perc&#x000D;&#x000A;RETRACT_VASSAL_INTERACTION_ACCEPT_EVENT&#x000D;&#x000A;RETRACT_VASSAL_INTERACTION_DECLINE_EVENT&#x000D;&#x000A;retreat&#x000D;&#x000A;reverse_demand&#x000D;&#x000A;revoke_allowed&#x000D;&#x000A;revoke_reason&#x000D;&#x000A;revoke_title_interaction&#x000D;&#x000A;REVOKE_TITLE_INTERACTION_ACCEPT_EVENT&#x000D;&#x000A;REVOKE_TITLE_INTERACTION_DECLINE_EVENT&#x000D;&#x000A;ruler_designer_cost&#x000D;&#x000A;same_opinion&#x000D;&#x000A;same_opinion_if_same_religion&#x000D;&#x000A;same_religion_opinion&#x000D;&#x000A;scaled_by_biggest_garrison&#x000D;&#x000A;scouting&#x000D;&#x000A;scripture_name&#x000D;&#x000A;second&#x000D;&#x000A;secondary_event_pictures&#x000D;&#x000A;second_amount&#x000D;&#x000A;second_graphical_culture&#x000D;&#x000A;second_type&#x000D;&#x000A;sectarianism&#x000D;&#x000A;selectable_character&#x000D;&#x000A;selection&#x000D;&#x000A;SEND_GIFT_INTERACTION_ACCEPT_EVENT&#x000D;&#x000A;SEND_GIFT_INTERACTION_DECLINE_EVENT&#x000D;&#x000A;seniority&#x000D;&#x000A;sex_appeal_opinion&#x000D;&#x000A;short_name&#x000D;&#x000A;SHORT_REIGN_LENGTH&#x000D;&#x000A;short_reign_opinion_year_mult&#x000D;&#x000A;show_as_title&#x000D;&#x000A;show_from_from&#x000D;&#x000A;show_ROOT&#x000D;&#x000A;sibling&#x000D;&#x000A;SIEGE_DEFENCE&#x000D;&#x000A;SIEGE_SPEED&#x000D;&#x000A;skin_tone&#x000D;&#x000A;skirmish&#x000D;&#x000A;sound&#x000D;&#x000A;special_troops&#x000D;&#x000A;speed&#x000D;&#x000A;spouse_context&#x000D;&#x000A;spouse_opinion&#x000D;&#x000A;sprite&#x000D;&#x000A;stand_fast&#x000D;&#x000A;start&#x000D;&#x000A;start_date&#x000D;&#x000A;status&#x000D;&#x000A;STOP_BACKING_AMBITION_INTERACTION_ACCEPT_EVENT&#x000D;&#x000A;STOP_BACKING_AMBITION_INTERACTION_DECLINE_EVENT&#x000D;&#x000A;stored_token_trigger&#x000D;&#x000A;strength_growth_per_century&#x000D;&#x000A;strong&#x000D;&#x000A;success&#x000D;&#x000A;succession_laws&#x000D;&#x000A;success_effect&#x000D;&#x000A;success_trigger&#x000D;&#x000A;supply_limit&#x000D;&#x000A;swarm&#x000D;&#x000A;tanistry&#x000D;&#x000A;target&#x000D;&#x000A;tax_income&#x000D;&#x000A;tech_growth_modifier&#x000D;&#x000A;tech_growth_modifier_culture&#x000D;&#x000A;tech_growth_modifier_economy&#x000D;&#x000A;tech_growth_modifier_military&#x000D;&#x000A;TECH_NOBLE_CUSTOMS&#x000D;&#x000A;template&#x000D;&#x000A;temple&#x000D;&#x000A;temple_all_opinion&#x000D;&#x000A;temple_levy_size&#x000D;&#x000A;temple_opinion&#x000D;&#x000A;TEMPLE_TAX_MODIFIER&#x000D;&#x000A;temple_vassal_max_levy&#x000D;&#x000A;temple_vassal_min_levy&#x000D;&#x000A;temple_vassal_tax_modifier&#x000D;&#x000A;text&#x000D;&#x000A;texture&#x000D;&#x000A;texture_internal&#x000D;&#x000A;than&#x000D;&#x000A;thirdparty&#x000D;&#x000A;thirdparty_title&#x000D;&#x000A;ticking_war_score_multiplier&#x000D;&#x000A;timeperiod&#x000D;&#x000A;title_female&#x000D;&#x000A;title_prefix&#x000D;&#x000A;to&#x000D;&#x000A;tooltip&#x000D;&#x000A;tooltip_info&#x000D;&#x000A;top_de_jure_capital&#x000D;&#x000A;TOWN_OPINION&#x000D;&#x000A;tradevalue&#x000D;&#x000A;TRADEVALUE_MULT&#x000D;&#x000A;trade_post&#x000D;&#x000A;tribe&#x000D;&#x000A;trigger&#x000D;&#x000A;troops&#x000D;&#x000A;truce_days&#x000D;&#x000A;true_cognatic&#x000D;&#x000A;turkish_succession&#x000D;&#x000A;twin_opinion&#x000D;&#x000A;type&#x000D;&#x000A;ultimogeniture&#x000D;&#x000A;unit_event&#x000D;&#x000A;unit_home_modifier&#x000D;&#x000A;unit_modifier&#x000D;&#x000A;upgrades_from&#x000D;&#x000A;used_for_random&#x000D;&#x000A;value&#x000D;&#x000A;vassal_decisions&#x000D;&#x000A;vassal_intrigue_plot&#x000D;&#x000A;vassal_opinion&#x000D;&#x000A;vassal_rank_plot&#x000D;&#x000A;vassal_titles&#x000D;&#x000A;volley&#x000D;&#x000A;voting_patterns&#x000D;&#x000A;war&#x000D;&#x000A;war_name&#x000D;&#x000A;war_target&#x000D;&#x000A;war_title&#x000D;&#x000A;weight_multiplier&#x000D;&#x000A;where&#x000D;&#x000A;which&#x000D;&#x000A;whitepeace&#x000D;&#x000A;who&#x000D;&#x000A;window&#x000D;&#x000A;yearly_income&#x000D;&#x000A;years&#x000D;&#x000A;yes&#x000D;&#x000A;youngest_child_opinion&#x000D;&#x000A;zoroastrian_opinion</Keywords>
            <Keywords name="Keywords2">any_allied_character&#x000D;&#x000A;any_army&#x000D;&#x000A;any_attacker&#x000D;&#x000A;any_backed_character&#x000D;&#x000A;any_character&#x000D;&#x000A;any_child&#x000D;&#x000A;any_child_even_if_dead&#x000D;&#x000A;any_claim&#x000D;&#x000A;any_claimant&#x000D;&#x000A;any_close_relative&#x000D;&#x000A;any_consort&#x000D;&#x000A;any_courtier&#x000D;&#x000A;any_current_enemy&#x000D;&#x000A;any_defender&#x000D;&#x000A;any_demesne_province&#x000D;&#x000A;any_demesne_title&#x000D;&#x000A;any_de_jure_vassal&#x000D;&#x000A;any_de_jure_vassal_title&#x000D;&#x000A;any_direct_de_jure_vassal_title&#x000D;&#x000A;any_dynasty_member&#x000D;&#x000A;any_dynasty_member_even_if_dead&#x000D;&#x000A;any_enemy_plotter&#x000D;&#x000A;any_faction_backer&#x000D;&#x000A;any_favor_holder&#x000D;&#x000A;any_favor_ower&#x000D;&#x000A;any_fleet&#x000D;&#x000A;any_friend&#x000D;&#x000A;any_heir_title&#x000D;&#x000A;any_independent_ruler&#x000D;&#x000A;any_known_enemy_plotter&#x000D;&#x000A;any_known_plotter&#x000D;&#x000A;any_landed_title&#x000D;&#x000A;any_liege&#x000D;&#x000A;any_lover&#x000D;&#x000A;any_mercenary_band&#x000D;&#x000A;any_neighbor_province&#x000D;&#x000A;any_non_aggression_pact_character&#x000D;&#x000A;any_opinion_modifier_target&#x000D;&#x000A;any_playable_ruler&#x000D;&#x000A;any_plotter&#x000D;&#x000A;any_plot_backer&#x000D;&#x000A;any_potential_tribal_county&#x000D;&#x000A;any_pretender_title&#x000D;&#x000A;any_previous_holder&#x000D;&#x000A;any_province&#x000D;&#x000A;any_province_character&#x000D;&#x000A;any_province_holding &#x000D;&#x000A;any_province_lord&#x000D;&#x000A;any_realm_character&#x000D;&#x000A;any_realm_lord&#x000D;&#x000A;any_realm_province&#x000D;&#x000A;any_realm_title&#x000D;&#x000A;any_rival&#x000D;&#x000A;any_sibling&#x000D;&#x000A;any_sibling_even_if_dead&#x000D;&#x000A;any_spouse&#x000D;&#x000A;any_spouse_even_if_dead&#x000D;&#x000A;any_suzerain&#x000D;&#x000A;any_title&#x000D;&#x000A;any_title_under&#x000D;&#x000A;any_trade_post&#x000D;&#x000A;any_trade_route_province&#x000D;&#x000A;any_unique_dynasty_vassal&#x000D;&#x000A;any_unit&#x000D;&#x000A;any_unknown_enemy_plotter&#x000D;&#x000A;any_vassal&#x000D;&#x000A;any_voter&#x000D;&#x000A;any_war&#x000D;&#x000A;any_ward&#x000D;&#x000A;attacker&#x000D;&#x000A;band_creator&#x000D;&#x000A;best_crusade_claimant&#x000D;&#x000A;biggest_realm_size_relative&#x000D;&#x000A;blood_brother&#x000D;&#x000A;capital_holding&#x000D;&#x000A;capital_scope&#x000D;&#x000A;clan_title&#x000D;&#x000A;controller&#x000D;&#x000A;county&#x000D;&#x000A;crownlaw_title&#x000D;&#x000A;crusade_target&#x000D;&#x000A;current_heir&#x000D;&#x000A;defacto_liege_title&#x000D;&#x000A;defender&#x000D;&#x000A;dejure_liege_title&#x000D;&#x000A;duchy&#x000D;&#x000A;dynasty_head&#x000D;&#x000A;empire&#x000D;&#x000A;employer&#x000D;&#x000A;enemy&#x000D;&#x000A;faction_claimant&#x000D;&#x000A;family_palace&#x000D;&#x000A;father&#x000D;&#x000A;father_even_if_dead&#x000D;&#x000A;father_of_unborn&#x000D;&#x000A;FROM&#x000D;&#x000A;FROMFROM&#x000D;&#x000A;FROMFROMFROM&#x000D;&#x000A;FROMFROMFROMFROM&#x000D;&#x000A;guardian&#x000D;&#x000A;heir_under_primogeniture_law&#x000D;&#x000A;heir_under_seniority_law&#x000D;&#x000A;highest_ranked_relative&#x000D;&#x000A;holder_scope&#x000D;&#x000A;host&#x000D;&#x000A;invasion_target&#x000D;&#x000A;job_chancellor&#x000D;&#x000A;job_marshal&#x000D;&#x000A;job_spiritual&#x000D;&#x000A;job_spymaster&#x000D;&#x000A;job_treasurer&#x000D;&#x000A;killer&#x000D;&#x000A;kingdom&#x000D;&#x000A;leader&#x000D;&#x000A;liege&#x000D;&#x000A;liege_before_war&#x000D;&#x000A;location&#x000D;&#x000A;lover&#x000D;&#x000A;mercenary_employer&#x000D;&#x000A;most_participating_attacker&#x000D;&#x000A;most_participating_crusader&#x000D;&#x000A;most_participating_defender&#x000D;&#x000A;most_prestigious_clan_vassal&#x000D;&#x000A;mother&#x000D;&#x000A;mother_even_if_dead&#x000D;&#x000A;new_character&#x000D;&#x000A;new_title&#x000D;&#x000A;owner&#x000D;&#x000A;parent_religion_head&#x000D;&#x000A;plot_target_char&#x000D;&#x000A;plot_target_province&#x000D;&#x000A;plot_target_title&#x000D;&#x000A;PREV&#x000D;&#x000A;PREVPREV&#x000D;&#x000A;PREVPREVPREV&#x000D;&#x000A;PREVPREVPREVPREV&#x000D;&#x000A;primary_title&#x000D;&#x000A;random_allied_character&#x000D;&#x000A;random_army&#x000D;&#x000A;random_backed_character&#x000D;&#x000A;random_character&#x000D;&#x000A;random_child&#x000D;&#x000A;random_child_even_if_dead&#x000D;&#x000A;random_claim&#x000D;&#x000A;random_consort&#x000D;&#x000A;random_courtier&#x000D;&#x000A;random_current_enemy&#x000D;&#x000A;random_demesne_province&#x000D;&#x000A;random_demesne_title&#x000D;&#x000A;random_dynasty_member&#x000D;&#x000A;random_dynasty_member_even_if_dead&#x000D;&#x000A;random_enemy_plotter&#x000D;&#x000A;random_fleet&#x000D;&#x000A;random_friend&#x000D;&#x000A;random_independent_ruler&#x000D;&#x000A;random_known_enemy_plotter&#x000D;&#x000A;random_landed_title&#x000D;&#x000A;random_lover&#x000D;&#x000A;random_neighbor_province&#x000D;&#x000A;random_opinion_modifier_target&#x000D;&#x000A;random_playable_ruler&#x000D;&#x000A;random_potential_tribal_county&#x000D;&#x000A;random_province&#x000D;&#x000A;random_province_character&#x000D;&#x000A;random_province_holding&#x000D;&#x000A;random_province_lord&#x000D;&#x000A;random_realm_character&#x000D;&#x000A;random_realm_lord&#x000D;&#x000A;random_realm_province&#x000D;&#x000A;random_realm_title&#x000D;&#x000A;random_rival&#x000D;&#x000A;random_sibling&#x000D;&#x000A;random_sibling_even_if_dead&#x000D;&#x000A;random_spouse&#x000D;&#x000A;random_spouse_even_if_dead&#x000D;&#x000A;random_trade_post&#x000D;&#x000A;random_unit&#x000D;&#x000A;random_unknown_enemy_plotter&#x000D;&#x000A;random_vassal&#x000D;&#x000A;random_voter&#x000D;&#x000A;random_ward&#x000D;&#x000A;realm&#x000D;&#x000A;real_father&#x000D;&#x000A;real_father_even_if_dead&#x000D;&#x000A;regent&#x000D;&#x000A;reincarnation_scope&#x000D;&#x000A;religion_head&#x000D;&#x000A;rightful_religious_head_scope&#x000D;&#x000A;ROOT&#x000D;&#x000A;ruler&#x000D;&#x000A;sea_zone&#x000D;&#x000A;siege&#x000D;&#x000A;spouse&#x000D;&#x000A;spouse_even_if_dead&#x000D;&#x000A;succ_law_title&#x000D;&#x000A;supported_claimant&#x000D;&#x000A;supported_claimant_title&#x000D;&#x000A;suzerain&#x000D;&#x000A;thirdparty_title_scope&#x000D;&#x000A;THIS&#x000D;&#x000A;title_to_get_rid_of&#x000D;&#x000A;top_liege&#x000D;&#x000A;trade_post_owner</Keywords>
            <Keywords name="Keywords3">adventurer&#x000D;&#x000A;age&#x000D;&#x000A;age_diff&#x000D;&#x000A;ai&#x000D;&#x000A;always&#x000D;&#x000A;attribute_diff&#x000D;&#x000A;at_location&#x000D;&#x000A;borders_lake&#x000D;&#x000A;borders_major_river&#x000D;&#x000A;can_be_chancellor_trigger&#x000D;&#x000A;can_be_given_away&#x000D;&#x000A;can_be_marshal_trigger&#x000D;&#x000A;can_be_spiritual_trigger&#x000D;&#x000A;can_be_spymaster_trigger&#x000D;&#x000A;can_be_treasurer_trigger&#x000D;&#x000A;can_change_religion&#x000D;&#x000A;can_copy_personality_trait_from&#x000D;&#x000A;can_grant_title&#x000D;&#x000A;can_have_more_leadership_traits&#x000D;&#x000A;can_hold_title&#x000D;&#x000A;can_marry&#x000D;&#x000A;capable_only&#x000D;&#x000A;character&#x000D;&#x000A;check_variable&#x000D;&#x000A;claimed_by&#x000D;&#x000A;clan&#x000D;&#x000A;combat_rating&#x000D;&#x000A;combat_rating_diff&#x000D;&#x000A;completely_controls&#x000D;&#x000A;completely_controls_region&#x000D;&#x000A;continent&#x000D;&#x000A;controlled_by&#x000D;&#x000A;controls_religion&#x000D;&#x000A;count&#x000D;&#x000A;culture_group&#x000D;&#x000A;defending_against_claimant&#x000D;&#x000A;demesne_efficiency&#x000D;&#x000A;demesne_garrison_size&#x000D;&#x000A;demesne_size&#x000D;&#x000A;de_facto_liege&#x000D;&#x000A;de_jure_liege_or_above&#x000D;&#x000A;de_jure_vassal_or_below&#x000D;&#x000A;diplomacy&#x000D;&#x000A;dislike_tribal_organization&#x000D;&#x000A;distance&#x000D;&#x000A;distance_from_realm&#x000D;&#x000A;dynasty_realm_power&#x000D;&#x000A;excommunicated_for&#x000D;&#x000A;faction_power&#x000D;&#x000A;family&#x000D;&#x000A;father_of_unborn_known&#x000D;&#x000A;flank_has_leader&#x000D;&#x000A;government&#x000D;&#x000A;graphical_culture&#x000D;&#x000A;had_character_flag&#x000D;&#x000A;had_dynasty_flag&#x000D;&#x000A;had_global_flag&#x000D;&#x000A;had_province_flag&#x000D;&#x000A;had_title_flag&#x000D;&#x000A;has_ambition&#x000D;&#x000A;has_any_opinion_modifier&#x000D;&#x000A;has_autocephaly&#x000D;&#x000A;has_blood_oath_with&#x000D;&#x000A;has_building&#x000D;&#x000A;has_called_crusade&#x000D;&#x000A;has_capital&#x000D;&#x000A;has_cb&#x000D;&#x000A;has_character_flag&#x000D;&#x000A;has_character_modifier&#x000D;&#x000A;has_claim&#x000D;&#x000A;has_concubinage&#x000D;&#x000A;has_crown_law_title&#x000D;&#x000A;has_de_jure_pretension&#x000D;&#x000A;has_disease&#x000D;&#x000A;has_dlc&#x000D;&#x000A;has_dynasty_flag&#x000D;&#x000A;has_earmarked_regiments&#x000D;&#x000A;has_earmarked_regiments_not_raiding&#x000D;&#x000A;has_embargo&#x000D;&#x000A;has_empty_holding&#x000D;&#x000A;has_epidemic&#x000D;&#x000A;has_feud_with&#x000D;&#x000A;has_focus&#x000D;&#x000A;has_game_started&#x000D;&#x000A;has_global_flag&#x000D;&#x000A;has_guardian&#x000D;&#x000A;has_heresies&#x000D;&#x000A;has_higher_tech_than&#x000D;&#x000A;has_holder&#x000D;&#x000A;has_horde_culture&#x000D;&#x000A;has_job_action&#x000D;&#x000A;has_job_title&#x000D;&#x000A;has_landed_title&#x000D;&#x000A;has_law&#x000D;&#x000A;has_liege_enforced_peace&#x000D;&#x000A;has_lover&#x000D;&#x000A;has_mercenary_band&#x000D;&#x000A;has_mercenary_maintenance_modifier&#x000D;&#x000A;has_minor_title&#x000D;&#x000A;has_newly_acquired_titles&#x000D;&#x000A;has_nickname&#x000D;&#x000A;has_non_aggression_pact_with&#x000D;&#x000A;has_objective&#x000D;&#x000A;has_opinion_modifier&#x000D;&#x000A;has_overseas_holdings&#x000D;&#x000A;has_owner&#x000D;&#x000A;has_plot&#x000D;&#x000A;has_polygamy&#x000D;&#x000A;has_province_flag&#x000D;&#x000A;has_province_modifier&#x000D;&#x000A;has_raised_levies&#x000D;&#x000A;has_raised_standing_troops&#x000D;&#x000A;has_regent&#x000D;&#x000A;has_regiments&#x000D;&#x000A;has_settlement_construction&#x000D;&#x000A;has_siege&#x000D;&#x000A;has_strong_claim&#x000D;&#x000A;has_title_flag&#x000D;&#x000A;has_trade_post&#x000D;&#x000A;has_truce&#x000D;&#x000A;has_weak_claim&#x000D;&#x000A;health_traits&#x000D;&#x000A;held_favor_activated_on&#x000D;&#x000A;higher_real_tier_than&#x000D;&#x000A;higher_tier_than&#x000D;&#x000A;holding_diff&#x000D;&#x000A;holds_favor_on&#x000D;&#x000A;holy_order&#x000D;&#x000A;imprisoned_days&#x000D;&#x000A;independent&#x000D;&#x000A;infamy&#x000D;&#x000A;intrigue&#x000D;&#x000A;in_battle&#x000D;&#x000A;in_command&#x000D;&#x000A;in_faction&#x000D;&#x000A;in_hiding&#x000D;&#x000A;in_revolt&#x000D;&#x000A;in_siege&#x000D;&#x000A;is_abroad&#x000D;&#x000A;is_adult&#x000D;&#x000A;is_alive&#x000D;&#x000A;is_allied_with&#x000D;&#x000A;is_allowed_holding_type&#x000D;&#x000A;is_allowed_to_loot&#x000D;&#x000A;is_attacker&#x000D;&#x000A;is_at_sea&#x000D;&#x000A;is_betrothed&#x000D;&#x000A;is_capital&#x000D;&#x000A;is_chancellor&#x000D;&#x000A;is_child_of&#x000D;&#x000A;is_close_relative&#x000D;&#x000A;is_conquered&#x000D;&#x000A;is_consort&#x000D;&#x000A;is_contested&#x000D;&#x000A;is_councillor&#x000D;&#x000A;is_crown_law_title&#x000D;&#x000A;is_decision_allowed&#x000D;&#x000A;is_decision_potential&#x000D;&#x000A;is_dying&#x000D;&#x000A;is_father&#x000D;&#x000A;is_father_real_father&#x000D;&#x000A;is_female&#x000D;&#x000A;is_feudal&#x000D;&#x000A;is_foe&#x000D;&#x000A;is_former_lover&#x000D;&#x000A;is_fort_decision_allowed &#x000D;&#x000A;is_fort_decision_potential &#x000D;&#x000A;is_friend&#x000D;&#x000A;is_friendly&#x000D;&#x000A;is_government_potential&#x000D;&#x000A;is_guardian&#x000D;&#x000A;is_heir&#x000D;&#x000A;is_heresy_of&#x000D;&#x000A;is_heretic&#x000D;&#x000A;is_holy_site&#x000D;&#x000A;is_holy_war&#x000D;&#x000A;is_hostile&#x000D;&#x000A;is_ill&#x000D;&#x000A;is_ironman&#x000D;&#x000A;is_island&#x000D;&#x000A;is_land&#x000D;&#x000A;is_landed&#x000D;&#x000A;is_landless_type_title&#x000D;&#x000A;is_law_allowed&#x000D;&#x000A;is_law_potential&#x000D;&#x000A;is_liege_of&#x000D;&#x000A;is_liege_or_above&#x000D;&#x000A;is_located_in&#x000D;&#x000A;is_looting&#x000D;&#x000A;is_looting_in&#x000D;&#x000A;is_lover&#x000D;&#x000A;is_lowborn&#x000D;&#x000A;is_main_spouse&#x000D;&#x000A;is_marriage_adult&#x000D;&#x000A;is_married&#x000D;&#x000A;is_married_matrilineally&#x000D;&#x000A;is_martial&#x000D;&#x000A;is_merchant_republic&#x000D;&#x000A;is_mother&#x000D;&#x000A;is_multiplayer_host_character&#x000D;&#x000A;is_nomadic&#x000D;&#x000A;is_occupied&#x000D;&#x000A;is_older_than&#x000D;&#x000A;is_opposite_sex&#x000D;&#x000A;is_parent_religion&#x000D;&#x000A;is_patrician&#x000D;&#x000A;is_playable&#x000D;&#x000A;is_plot_active&#x000D;&#x000A;is_plot_target_of&#x000D;&#x000A;is_preferred_holding_type&#x000D;&#x000A;is_pregnant&#x000D;&#x000A;is_pretender&#x000D;&#x000A;is_priest&#x000D;&#x000A;is_primary_heir&#x000D;&#x000A;is_primary_holder_title&#x000D;&#x000A;is_primary_holder_title_tier&#x000D;&#x000A;is_primary_type_title&#x000D;&#x000A;is_primary_war_attacker&#x000D;&#x000A;is_primary_war_defender&#x000D;&#x000A;is_recent_grant&#x000D;&#x000A;is_reformed_religion&#x000D;&#x000A;is_reincarnated&#x000D;&#x000A;is_republic&#x000D;&#x000A;is_rival&#x000D;&#x000A;is_ruler&#x000D;&#x000A;is_seafarer&#x000D;&#x000A;is_settlement_decision_allowed&#x000D;&#x000A;is_settlement_decision_potential&#x000D;&#x000A;is_spiritual&#x000D;&#x000A;is_spymaster&#x000D;&#x000A;is_targetted_decision_allowed&#x000D;&#x000A;is_targetted_decision_potential&#x000D;&#x000A;is_theocracy&#x000D;&#x000A;is_title_active&#x000D;&#x000A;is_title_decision_allowed&#x000D;&#x000A;is_title_decision_potential&#x000D;&#x000A;is_titular&#x000D;&#x000A;is_trade_post_decision_allowed&#x000D;&#x000A;is_trade_post_decision_potential&#x000D;&#x000A;is_treasurer&#x000D;&#x000A;is_tribal&#x000D;&#x000A;is_tribal_type_title&#x000D;&#x000A;is_tributary&#x000D;&#x000A;is_unique&#x000D;&#x000A;is_valid&#x000D;&#x000A;is_valid_attraction&#x000D;&#x000A;is_valid_romance_trigger&#x000D;&#x000A;is_variable_equal&#x000D;&#x000A;is_vassal_or_below&#x000D;&#x000A;is_vice_royalty&#x000D;&#x000A;is_winter&#x000D;&#x000A;is_within_diplo_range&#x000D;&#x000A;leads_faction&#x000D;&#x000A;learning&#x000D;&#x000A;lifestyle_traits&#x000D;&#x000A;likes_better_than&#x000D;&#x000A;loot&#x000D;&#x000A;lower_real_tier_than&#x000D;&#x000A;lower_tier_than&#x000D;&#x000A;martial&#x000D;&#x000A;max_age&#x000D;&#x000A;max_manpower&#x000D;&#x000A;max_realm_levy_diff&#x000D;&#x000A;may_request_law_change&#x000D;&#x000A;mercenary&#x000D;&#x000A;mercenary_siphon_factor&#x000D;&#x000A;min_age&#x000D;&#x000A;month&#x000D;&#x000A;multiplayer&#x000D;&#x000A;not_if_x_exists&#x000D;&#x000A;num_culture_realm_provs&#x000D;&#x000A;num_fitting_characters_for_title&#x000D;&#x000A;num_of_baron_titles&#x000D;&#x000A;num_of_buildings&#x000D;&#x000A;num_of_children&#x000D;&#x000A;num_of_claims&#x000D;&#x000A;num_of_consorts&#x000D;&#x000A;num_of_count_titles&#x000D;&#x000A;num_of_count_titles_in_realm&#x000D;&#x000A;num_of_duke_titles&#x000D;&#x000A;num_of_dynasty_members&#x000D;&#x000A;num_of_emperor_titles&#x000D;&#x000A;num_of_empty_holdings&#x000D;&#x000A;num_of_extra_landed_titles&#x000D;&#x000A;num_of_faction_backers&#x000D;&#x000A;num_of_feuds&#x000D;&#x000A;num_of_friends&#x000D;&#x000A;num_of_government_vassals&#x000D;&#x000A;num_of_holy_sites&#x000D;&#x000A;num_of_king_titles&#x000D;&#x000A;num_of_lovers&#x000D;&#x000A;num_of_max_settlements&#x000D;&#x000A;num_of_plot_backers&#x000D;&#x000A;num_of_prisoners&#x000D;&#x000A;num_of_realm_counties&#x000D;&#x000A;num_of_rivals&#x000D;&#x000A;num_of_settlements&#x000D;&#x000A;num_of_spouses&#x000D;&#x000A;num_of_subrealm_castle&#x000D;&#x000A;num_of_subrealm_cities&#x000D;&#x000A;num_of_titles&#x000D;&#x000A;num_of_trade_posts&#x000D;&#x000A;num_of_trade_post_diff&#x000D;&#x000A;num_of_traits&#x000D;&#x000A;num_of_unique_dynasty_vassals&#x000D;&#x000A;num_of_vassals&#x000D;&#x000A;num_title_realm_provs&#x000D;&#x000A;num_traits&#x000D;&#x000A;only_capable&#x000D;&#x000A;only_independent&#x000D;&#x000A;only_men&#x000D;&#x000A;only_playable&#x000D;&#x000A;only_rulers&#x000D;&#x000A;only_women&#x000D;&#x000A;opinion_diff&#x000D;&#x000A;opinion_levy_raised_days&#x000D;&#x000A;overlord_of&#x000D;&#x000A;over_max_demesne_size&#x000D;&#x000A;over_vassal_limit&#x000D;&#x000A;owed_favor_activated_by&#x000D;&#x000A;owes_favor_to&#x000D;&#x000A;owns&#x000D;&#x000A;owns_mercenary_units&#x000D;&#x000A;pacifist&#x000D;&#x000A;pays_tribute_to&#x000D;&#x000A;personality_traits&#x000D;&#x000A;personal_opinion&#x000D;&#x000A;personal_opinion_diff&#x000D;&#x000A;plot_is_known_by&#x000D;&#x000A;plot_power&#x000D;&#x000A;population_and_manpower&#x000D;&#x000A;population_factor&#x000D;&#x000A;port&#x000D;&#x000A;preparing_invasion&#x000D;&#x000A;prisoner&#x000D;&#x000A;province&#x000D;&#x000A;province_id&#x000D;&#x000A;realm_diplomacy&#x000D;&#x000A;realm_intrigue&#x000D;&#x000A;realm_learning&#x000D;&#x000A;realm_levies&#x000D;&#x000A;realm_levy_diff&#x000D;&#x000A;realm_martial&#x000D;&#x000A;realm_size&#x000D;&#x000A;realm_stewardship&#x000D;&#x000A;real_month_of_year&#x000D;&#x000A;real_tier&#x000D;&#x000A;rebel&#x000D;&#x000A;region&#x000D;&#x000A;relative_income&#x000D;&#x000A;relative_income_to_liege&#x000D;&#x000A;relative_power&#x000D;&#x000A;relative_power_including_allies_attacker&#x000D;&#x000A;relative_power_including_allies_defender&#x000D;&#x000A;relative_power_to_liege&#x000D;&#x000A;religion_allows_female_temple_holders&#x000D;&#x000A;religion_group&#x000D;&#x000A;republic_total_num_of_trade_posts&#x000D;&#x000A;reverse_clan_opinion&#x000D;&#x000A;reverse_has_cb&#x000D;&#x000A;reverse_has_opinion_modifier&#x000D;&#x000A;reverse_has_truce&#x000D;&#x000A;reverse_max_realm_levy_diff&#x000D;&#x000A;reverse_personal_opinion&#x000D;&#x000A;reverse_personal_opinion_diff&#x000D;&#x000A;reverse_realm_levy_diff&#x000D;&#x000A;revolt_risk&#x000D;&#x000A;rightful_religious_head&#x000D;&#x000A;risks_minor_clan_rising&#x000D;&#x000A;ruled_years&#x000D;&#x000A;same_guardian&#x000D;&#x000A;same_liege&#x000D;&#x000A;same_realm&#x000D;&#x000A;same_religion&#x000D;&#x000A;same_sex&#x000D;&#x000A;score&#x000D;&#x000A;stewardship&#x000D;&#x000A;technology_can_spread&#x000D;&#x000A;temporary&#x000D;&#x000A;terrain&#x000D;&#x000A;their_opinion&#x000D;&#x000A;tier&#x000D;&#x000A;title&#x000D;&#x000A;total_claims&#x000D;&#x000A;trade_post_has_any_building&#x000D;&#x000A;trade_post_has_building&#x000D;&#x000A;trade_route&#x000D;&#x000A;trait&#x000D;&#x000A;unused_manpower&#x000D;&#x000A;uses_decadence&#x000D;&#x000A;using_cb&#x000D;&#x000A;vassal_of&#x000D;&#x000A;war_score&#x000D;&#x000A;war_with&#x000D;&#x000A;was_conceived_a_bastard&#x000D;&#x000A;will_liege_enforce_peace&#x000D;&#x000A;would_be_heir_under_law&#x000D;&#x000A;year</Keywords>
            <Keywords name="Keywords4">abandon_heresy&#x000D;&#x000A;abdicate&#x000D;&#x000A;abdicate_to&#x000D;&#x000A;abdicate_to_most_liked_by&#x000D;&#x000A;activate_disease&#x000D;&#x000A;activate_plot&#x000D;&#x000A;activate_title&#x000D;&#x000A;add_alliance&#x000D;&#x000A;add_ambition&#x000D;&#x000A;add_betrothal&#x000D;&#x000A;add_building&#x000D;&#x000A;add_character_modifier&#x000D;&#x000A;add_claim&#x000D;&#x000A;add_consort&#x000D;&#x000A;add_friend&#x000D;&#x000A;add_holding_modifier&#x000D;&#x000A;add_law&#x000D;&#x000A;add_law_w_cooldown&#x000D;&#x000A;add_lover&#x000D;&#x000A;add_number_to_name&#x000D;&#x000A;add_objective&#x000D;&#x000A;ADD_PIETY_MODIFIER&#x000D;&#x000A;add_pressed_claim&#x000D;&#x000A;ADD_PRESTIGE_MODIFIER&#x000D;&#x000A;add_province_modifier&#x000D;&#x000A;add_random_education_trait&#x000D;&#x000A;add_rival&#x000D;&#x000A;add_spouse&#x000D;&#x000A;add_spouse_matrilineal&#x000D;&#x000A;add_trait&#x000D;&#x000A;add_weak_claim&#x000D;&#x000A;add_weak_pressed_claim&#x000D;&#x000A;approve_law&#x000D;&#x000A;back_plot&#x000D;&#x000A;banish&#x000D;&#x000A;banish_religion&#x000D;&#x000A;become_heretic&#x000D;&#x000A;best_fit_character_for_title&#x000D;&#x000A;break&#x000D;&#x000A;break_betrothal&#x000D;&#x000A;build_holding&#x000D;&#x000A;cancel_ambition&#x000D;&#x000A;cancel_job_action&#x000D;&#x000A;cancel_objective&#x000D;&#x000A;cancel_plot&#x000D;&#x000A;change_diplomacy&#x000D;&#x000A;change_infamy&#x000D;&#x000A;change_intrigue&#x000D;&#x000A;change_learning&#x000D;&#x000A;change_martial&#x000D;&#x000A;change_phase_to&#x000D;&#x000A;change_random_civ_tech&#x000D;&#x000A;change_random_eco_tech&#x000D;&#x000A;change_random_mil_tech&#x000D;&#x000A;change_stewardship&#x000D;&#x000A;change_tech&#x000D;&#x000A;change_title_army_size&#x000D;&#x000A;change_variable&#x000D;&#x000A;character_event&#x000D;&#x000A;chronicle&#x000D;&#x000A;clan_reverse_opinion&#x000D;&#x000A;clear_delayed_event&#x000D;&#x000A;clear_event_target&#x000D;&#x000A;clear_global_event_target&#x000D;&#x000A;clear_global_event_targets&#x000D;&#x000A;clear_revolt&#x000D;&#x000A;clear_wealth&#x000D;&#x000A;clr_character_flag&#x000D;&#x000A;clr_dynasty_flag&#x000D;&#x000A;clr_global_flag&#x000D;&#x000A;clr_province_flag&#x000D;&#x000A;clr_title_flag&#x000D;&#x000A;convert_to&#x000D;&#x000A;copy_random_personality_trait&#x000D;&#x000A;copy_title_history&#x000D;&#x000A;copy_title_laws&#x000D;&#x000A;create_character&#x000D;&#x000A;create_family_palace&#x000D;&#x000A;create_feud&#x000D;&#x000A;create_random_diplomat&#x000D;&#x000A;create_random_intriguer&#x000D;&#x000A;create_random_priest&#x000D;&#x000A;create_random_soldier&#x000D;&#x000A;create_random_steward&#x000D;&#x000A;create_title&#x000D;&#x000A;create_tradepost&#x000D;&#x000A;culture_techpoints&#x000D;&#x000A;cure_illness&#x000D;&#x000A;death&#x000D;&#x000A;destroy_fort&#x000D;&#x000A;destroy_landed_title&#x000D;&#x000A;destroy_random_building&#x000D;&#x000A;destroy_settlement&#x000D;&#x000A;destroy_tradepost&#x000D;&#x000A;disallow_random_traits&#x000D;&#x000A;disband_event_forces&#x000D;&#x000A;divide_variable&#x000D;&#x000A;economy_techpoints&#x000D;&#x000A;enable_prepared_invasion&#x000D;&#x000A;end_oath&#x000D;&#x000A;end_war&#x000D;&#x000A;excommunicate&#x000D;&#x000A;gain_all_occupied_titles&#x000D;&#x000A;gain_settlements_under_title&#x000D;&#x000A;gain_title&#x000D;&#x000A;gain_title_plus_barony_if_unlanded&#x000D;&#x000A;gender_succ&#x000D;&#x000A;give_job_title&#x000D;&#x000A;give_minor_title&#x000D;&#x000A;give_nickname&#x000D;&#x000A;grant_kingdom_w_adjudication&#x000D;&#x000A;grant_title&#x000D;&#x000A;grant_title_no_opinion&#x000D;&#x000A;hold_election&#x000D;&#x000A;impregnate&#x000D;&#x000A;impregnate_cuckoo&#x000D;&#x000A;imprison&#x000D;&#x000A;inherit&#x000D;&#x000A;join_attacker_wars&#x000D;&#x000A;join_defender_wars&#x000D;&#x000A;leave_plot&#x000D;&#x000A;letter_event&#x000D;&#x000A;log&#x000D;&#x000A;maintenance_multiplier&#x000D;&#x000A;make_capital_holding&#x000D;&#x000A;make_primary_settlement&#x000D;&#x000A;make_primary_spouse&#x000D;&#x000A;make_primary_title&#x000D;&#x000A;make_tributary&#x000D;&#x000A;manpower&#x000D;&#x000A;military_techpoints&#x000D;&#x000A;move_character&#x000D;&#x000A;multiply_variable&#x000D;&#x000A;narrative_event&#x000D;&#x000A;occupy_minors_of_occupied_settlements&#x000D;&#x000A;province_event&#x000D;&#x000A;random&#x000D;&#x000A;random_list&#x000D;&#x000A;rebel_defection&#x000D;&#x000A;recalc_succession&#x000D;&#x000A;reduce_disease&#x000D;&#x000A;remove_building&#x000D;&#x000A;remove_character_modifier&#x000D;&#x000A;remove_claim&#x000D;&#x000A;remove_consort&#x000D;&#x000A;remove_friend&#x000D;&#x000A;remove_guardian&#x000D;&#x000A;remove_holding_modifier&#x000D;&#x000A;remove_lover&#x000D;&#x000A;remove_nickname&#x000D;&#x000A;remove_opinion&#x000D;&#x000A;remove_province_modifier&#x000D;&#x000A;remove_rival&#x000D;&#x000A;remove_settlement&#x000D;&#x000A;remove_special_character_title&#x000D;&#x000A;remove_spouse&#x000D;&#x000A;remove_title&#x000D;&#x000A;remove_trait&#x000D;&#x000A;remove_tributary&#x000D;&#x000A;repeat_event&#x000D;&#x000A;reset_coa&#x000D;&#x000A;reveal_plot&#x000D;&#x000A;reveal_plot_w_message&#x000D;&#x000A;reverse_banish&#x000D;&#x000A;reverse_culture&#x000D;&#x000A;reverse_imprison&#x000D;&#x000A;reverse_religion&#x000D;&#x000A;reverse_remove_opinion&#x000D;&#x000A;reverse_war&#x000D;&#x000A;revoke_capital_holding&#x000D;&#x000A;revoke_law&#x000D;&#x000A;save_event_target_as&#x000D;&#x000A;save_global_event_target_as&#x000D;&#x000A;seize_trade_post&#x000D;&#x000A;send_assassin&#x000D;&#x000A;set_allow_free_duchy_revokation&#x000D;&#x000A;set_allow_free_infidel_revokation&#x000D;&#x000A;set_allow_free_revokation&#x000D;&#x000A;set_allow_free_vice_royalty_revokation&#x000D;&#x000A;set_allow_title_revokation&#x000D;&#x000A;set_allow_vice_royalties&#x000D;&#x000A;set_appoint_generals&#x000D;&#x000A;set_appoint_regents&#x000D;&#x000A;set_can_toggle_looting&#x000D;&#x000A;set_character_flag&#x000D;&#x000A;set_coa&#x000D;&#x000A;set_defacto_liege&#x000D;&#x000A;set_defacto_vassal&#x000D;&#x000A;set_dynasty_flag&#x000D;&#x000A;set_father&#x000D;&#x000A;set_focus&#x000D;&#x000A;set_global_flag&#x000D;&#x000A;set_government_type&#x000D;&#x000A;set_graphical_culture&#x000D;&#x000A;set_guardian&#x000D;&#x000A;set_investiture&#x000D;&#x000A;set_job_action&#x000D;&#x000A;set_looting&#x000D;&#x000A;set_mother&#x000D;&#x000A;set_name&#x000D;&#x000A;set_opinion_levy_raised_days&#x000D;&#x000A;set_parent_religion&#x000D;&#x000A;set_protected_inheritance&#x000D;&#x000A;set_province_flag&#x000D;&#x000A;set_real_father&#x000D;&#x000A;set_reincarnation&#x000D;&#x000A;set_special_character_title&#x000D;&#x000A;set_the_kings_full_peace&#x000D;&#x000A;set_the_kings_peace&#x000D;&#x000A;set_title_adventurer&#x000D;&#x000A;set_title_flag&#x000D;&#x000A;set_title_landless&#x000D;&#x000A;set_title_nomad&#x000D;&#x000A;set_tribal_vassal_levy_control&#x000D;&#x000A;set_tribal_vassal_tax_income&#x000D;&#x000A;set_variable&#x000D;&#x000A;spawn_fleet&#x000D;&#x000A;spawn_unit&#x000D;&#x000A;steal_population_scaled&#x000D;&#x000A;steal_random_tech&#x000D;&#x000A;subjugate_or_take_under_title&#x000D;&#x000A;subtract_variable&#x000D;&#x000A;succession&#x000D;&#x000A;succession_w_cooldown&#x000D;&#x000A;transfer_scaled_wealth&#x000D;&#x000A;trigger_switch&#x000D;&#x000A;unsafe_destroy_landed_title&#x000D;&#x000A;unsafe_religion&#x000D;&#x000A;usurp_title&#x000D;&#x000A;usurp_title_only&#x000D;&#x000A;usurp_title_plus_barony_if_unlanded&#x000D;&#x000A;usurp_title_plus_barony_if_unlanded_and_vassals&#x000D;&#x000A;usurp_title_plus_barony_if_unlanded_and_vassals_no_adj&#x000D;&#x000A;vassalize_or_take_under_title&#x000D;&#x000A;vassalize_or_take_under_title_destroy_duchies</Keywords>
            <Keywords name="Keywords5">conquest_culture&#x000D;&#x000A;culture&#x000D;&#x000A;de_jure_liege&#x000D;&#x000A;decadence&#x000D;&#x000A;dynasty&#x000D;&#x000A;fertility&#x000D;&#x000A;gold&#x000D;&#x000A;health&#x000D;&#x000A;opinion&#x000D;&#x000A;piety&#x000D;&#x000A;prestige&#x000D;&#x000A;religion&#x000D;&#x000A;religion_authority&#x000D;&#x000A;reverse_opinion&#x000D;&#x000A;scaled_wealth&#x000D;&#x000A;treasury&#x000D;&#x000A;wealth</Keywords>
            <Keywords name="Keywords6"></Keywords>
            <Keywords name="Keywords7"></Keywords>
            <Keywords name="Keywords8"></Keywords>
            <Keywords name="Delimiters"></Keywords>
        </KeywordLists>
        <Styles>
            <WordsStyle name="DEFAULT" fgColor="000000" bgColor="FFFFFF" fontName="" fontStyle="0" nesting="0" />
            <WordsStyle name="COMMENTS" fgColor="008000" bgColor="FFFFFF" fontName="" fontStyle="0" nesting="0" />
            <WordsStyle name="LINE COMMENTS" fgColor="008000" bgColor="FFFFFF" fontName="" fontStyle="0" nesting="0" />
            <WordsStyle name="NUMBERS" fgColor="FF0000" bgColor="FFFFFF" fontName="" fontStyle="0" nesting="0" />
            <WordsStyle name="KEYWORDS1" fgColor="0080FF" bgColor="FFFFFF" fontName="" fontStyle="0" nesting="0" />
            <WordsStyle name="KEYWORDS2" fgColor="800040" bgColor="FFFFFF" fontName="" fontStyle="0" nesting="0" />
            <WordsStyle name="KEYWORDS3" fgColor="6A359F" bgColor="FFFFFF" fontName="" fontStyle="0" nesting="0" />
            <WordsStyle name="KEYWORDS4" fgColor="1F4B4B" bgColor="FFFFFF" fontName="" fontStyle="0" nesting="0" />
            <WordsStyle name="KEYWORDS5" fgColor="642506" bgColor="FFFFFF" fontName="" fontStyle="0" nesting="0" />
            <WordsStyle name="KEYWORDS6" fgColor="000000" bgColor="FFFFFF" fontName="" fontStyle="0" nesting="0" />
            <WordsStyle name="KEYWORDS7" fgColor="000000" bgColor="FFFFFF" fontName="" fontStyle="0" nesting="0" />
            <WordsStyle name="KEYWORDS8" fgColor="000000" bgColor="FFFFFF" fontName="" fontStyle="0" nesting="0" />
            <WordsStyle name="OPERATORS" fgColor="000000" bgColor="FFFFFF" fontName="" fontStyle="0" nesting="0" />
            <WordsStyle name="FOLDER IN CODE1" fgColor="000000" bgColor="FFFFFF" fontName="" fontStyle="1" nesting="0" />
            <WordsStyle name="FOLDER IN CODE2" fgColor="000000" bgColor="FFFFFF" fontName="" fontStyle="0" nesting="0" />
            <WordsStyle name="FOLDER IN COMMENT" fgColor="008000" bgColor="FFFFFF" fontName="" fontStyle="0" nesting="0" />
            <WordsStyle name="DELIMITERS1" fgColor="000000" bgColor="FFFFFF" fontName="" fontStyle="0" nesting="0" />
            <WordsStyle name="DELIMITERS2" fgColor="000000" bgColor="FFFFFF" fontName="" fontStyle="0" nesting="0" />
            <WordsStyle name="DELIMITERS3" fgColor="000000" bgColor="FFFFFF" fontName="" fontStyle="0" nesting="0" />
            <WordsStyle name="DELIMITERS4" fgColor="000000" bgColor="FFFFFF" fontName="" fontStyle="0" nesting="0" />
            <WordsStyle name="DELIMITERS5" fgColor="000000" bgColor="FFFFFF" fontName="" fontStyle="0" nesting="0" />
            <WordsStyle name="DELIMITERS6" fgColor="000000" bgColor="FFFFFF" fontName="" fontStyle="0" nesting="0" />
            <WordsStyle name="DELIMITERS7" fgColor="000000" bgColor="FFFFFF" fontName="" fontStyle="0" nesting="0" />
            <WordsStyle name="DELIMITERS8" fgColor="000000" bgColor="FFFFFF" fontName="" fontStyle="0" nesting="0" />
        </Styles>
    </UserLang>
</NotepadPlus>
